Initialization mAP: 0.0 | mF1: 0.0 | mPrec: 0.0 | mRec: 0.0
Verifier RealImage mPrec: 1.0 mRec: 1.0 mAP: 0.995 mF1: 1.0 
Teacher RealImage mPrec: 1.0 mRec: 1.0 mAP: 0.995 mF1: 1.0 
Real batch losses: tv L1: 0.0692 tv L2: 329.7309 task: 0.9838 di: 429.0431
--------------------------------------------------
ITERATION: 1
weighted/total_loss 283.8892517089844
weighted/task_loss 14.910088539123535
weighted/prior_loss_var_l1 126.17594909667969
weighted/prior_loss_var_l2 0.0
weighted/loss_r_feature 139.32571411132812
weighted/loss_r_feature_first 3.477508544921875
unweighted/task_loss 29.82017707824707
unweighted/prior_loss_var_l1 1.682345986366272
unweighted/prior_loss_var_l2 4194.5751953125
unweighted/loss_r_feature 1393.257080078125
unweighted/loss_r_feature_first 1.7387542724609375
unweighted/inputs_norm 225.3593292236328
learning_Rate 0.1999999210431752
--------------------------------------------------
ITERATION: 2
weighted/total_loss 189.62416076660156
weighted/task_loss 11.71784782409668
weighted/prior_loss_var_l1 82.79723358154297
weighted/prior_loss_var_l2 0.0
weighted/loss_r_feature 93.54573059082031
weighted/loss_r_feature_first 1.5633327960968018
unweighted/task_loss 23.43569564819336
unweighted/prior_loss_var_l1 1.1039631366729736
unweighted/prior_loss_var_l2 2766.53759765625
unweighted/loss_r_feature 935.457275390625
unweighted/loss_r_feature_first 0.7816663980484009
unweighted/inputs_norm 202.75035095214844
learning_Rate 0.19999968417282543
--------------------------------------------------
ITERATION: 3
weighted/total_loss 197.34471130371094
weighted/task_loss 11.05322265625
weighted/prior_loss_var_l1 85.79436492919922
weighted/prior_loss_var_l2 0.0
weighted/loss_r_feature 98.70465087890625
weighted/loss_r_feature_first 1.7924659252166748
unweighted/task_loss 22.1064453125
unweighted/prior_loss_var_l1 1.1439248323440552
unweighted/prior_loss_var_l2 2673.8095703125
unweighted/loss_r_feature 987.0465087890625
unweighted/loss_r_feature_first 0.8962329626083374
unweighted/inputs_norm 202.6884002685547
learning_Rate 0.19999928938932474
--------------------------------------------------
ITERATION: 4
weighted/total_loss 177.49623107910156
weighted/task_loss 10.816421508789062
weighted/prior_loss_var_l1 78.20626068115234
weighted/prior_loss_var_l2 0.0
weighted/loss_r_feature 86.90752410888672
weighted/loss_r_feature_first 1.5660209655761719
unweighted/task_loss 21.632843017578125
unweighted/prior_loss_var_l1 1.0427501201629639
unweighted/prior_loss_var_l2 2457.015380859375
unweighted/loss_r_feature 869.0751953125
unweighted/loss_r_feature_first 0.7830104827880859
unweighted/inputs_norm 202.59535217285156
learning_Rate 0.1999987366932966
--------------------------------------------------
ITERATION: 5
weighted/total_loss 186.6380615234375
weighted/task_loss 10.137802124023438
weighted/prior_loss_var_l1 82.43006134033203
weighted/prior_loss_var_l2 0.0
weighted/loss_r_feature 91.68790435791016
weighted/loss_r_feature_first 2.382297992706299
unweighted/task_loss 20.275604248046875
unweighted/prior_loss_var_l1 1.0990674495697021
unweighted/prior_loss_var_l2 2600.447509765625
unweighted/loss_r_feature 916.8790283203125
unweighted/loss_r_feature_first 1.1911489963531494
unweighted/inputs_norm 205.72816467285156
learning_Rate 0.1999980260856137
--------------------------------------------------
ITERATION: 6
weighted/total_loss 161.0293426513672
weighted/task_loss 7.593029022216797
weighted/prior_loss_var_l1 67.12616729736328
weighted/prior_loss_var_l2 0.0
weighted/loss_r_feature 84.05282592773438
weighted/loss_r_feature_first 2.257323980331421
unweighted/task_loss 15.186058044433594
unweighted/prior_loss_var_l1 0.8950155377388
unweighted/prior_loss_var_l2 2093.56884765625
unweighted/loss_r_feature 840.5282592773438
unweighted/loss_r_feature_first 1.1286619901657104
unweighted/inputs_norm 208.1346893310547
learning_Rate 0.1999971575673983
--------------------------------------------------
ITERATION: 7
weighted/total_loss 147.24363708496094
weighted/task_loss 3.931928873062134
weighted/prior_loss_var_l1 69.35443115234375
weighted/prior_loss_var_l2 0.0
weighted/loss_r_feature 72.25304412841797
weighted/loss_r_feature_first 1.7042328119277954
unweighted/task_loss 7.863857746124268
unweighted/prior_loss_var_l1 0.9247257709503174
unweighted/prior_loss_var_l2 2220.06689453125
unweighted/loss_r_feature 722.5304565429688
unweighted/loss_r_feature_first 0.8521164059638977
unweighted/inputs_norm 212.12533569335938
learning_Rate 0.19999613114002185
--------------------------------------------------
ITERATION: 8
weighted/total_loss 133.5555877685547
weighted/task_loss 3.226764678955078
weighted/prior_loss_var_l1 64.2918472290039
weighted/prior_loss_var_l2 0.0
weighted/loss_r_feature 64.41765594482422
weighted/loss_r_feature_first 1.619308590888977
unweighted/task_loss 6.453529357910156
unweighted/prior_loss_var_l1 0.8572245836257935
unweighted/prior_loss_var_l2 2036.6337890625
unweighted/loss_r_feature 644.1765747070312
unweighted/loss_r_feature_first 0.8096542954444885
unweighted/inputs_norm 214.89895629882812
learning_Rate 0.19999494680510518
--------------------------------------------------
ITERATION: 9
weighted/total_loss 155.11036682128906
weighted/task_loss 2.7569174766540527
weighted/prior_loss_var_l1 75.3640365600586
weighted/prior_loss_var_l2 0.0
weighted/loss_r_feature 74.9846420288086
weighted/loss_r_feature_first 2.004770278930664
unweighted/task_loss 5.5138349533081055
unweighted/prior_loss_var_l1 1.0048538446426392
unweighted/prior_loss_var_l2 2314.8212890625
unweighted/loss_r_feature 749.846435546875
unweighted/loss_r_feature_first 1.002385139465332
unweighted/inputs_norm 218.181884765625
learning_Rate 0.1999936045645186
--------------------------------------------------
ITERATION: 10
weighted/total_loss 144.1104736328125
weighted/task_loss 2.4635815620422363
weighted/prior_loss_var_l1 73.5738525390625
weighted/prior_loss_var_l2 0.0
weighted/loss_r_feature 65.9233169555664
weighted/loss_r_feature_first 2.149712324142456
unweighted/task_loss 4.927163124084473
unweighted/prior_loss_var_l1 0.9809846878051758
unweighted/prior_loss_var_l2 2253.98046875
unweighted/loss_r_feature 659.233154296875
unweighted/loss_r_feature_first 1.074856162071228
unweighted/inputs_norm 218.94027709960938
learning_Rate 0.19999210442038162
Verifier InvImage mPrec: 0.2356 mRec: 0.6667 mAP: 0.2905 mF1: 0.2924 
Teacher InvImage mPrec: 0.2356 mRec: 0.6667 mAP: 0.2905 mF1: 0.2924 
--------------------------------------------------
ITERATION: 11
weighted/total_loss 135.09510803222656
weighted/task_loss 4.6862969398498535
weighted/prior_loss_var_l1 61.742149353027344
weighted/prior_loss_var_l2 0.0
weighted/loss_r_feature 66.76517486572266
weighted/loss_r_feature_first 1.9014818668365479
unweighted/task_loss 9.372593879699707
unweighted/prior_loss_var_l1 0.823228657245636
unweighted/prior_loss_var_l2 1980.853515625
unweighted/loss_r_feature 667.6517333984375
unweighted/loss_r_feature_first 0.9507409334182739
unweighted/inputs_norm 219.76412963867188
learning_Rate 0.1999904463750632
--------------------------------------------------
ITERATION: 12
weighted/total_loss 132.77877807617188
weighted/task_loss 4.293431758880615
weighted/prior_loss_var_l1 64.35506439208984
weighted/prior_loss_var_l2 0.0
weighted/loss_r_feature 62.53646469116211
weighted/loss_r_feature_first 1.5938174724578857
unweighted/task_loss 8.58686351776123
unweighted/prior_loss_var_l1 0.858067512512207
unweighted/prior_loss_var_l2 2014.69140625
unweighted/loss_r_feature 625.3646240234375
unweighted/loss_r_feature_first 0.7969087362289429
unweighted/inputs_norm 224.05963134765625
learning_Rate 0.1999886304311816
--------------------------------------------------
ITERATION: 13
weighted/total_loss 125.91300201416016
weighted/task_loss 3.0013480186462402
weighted/prior_loss_var_l1 63.44731903076172
weighted/prior_loss_var_l2 0.0
weighted/loss_r_feature 57.50287628173828
weighted/loss_r_feature_first 1.9614593982696533
unweighted/task_loss 6.0026960372924805
unweighted/prior_loss_var_l1 0.845964252948761
unweighted/prior_loss_var_l2 2051.33251953125
unweighted/loss_r_feature 575.0287475585938
unweighted/loss_r_feature_first 0.9807296991348267
unweighted/inputs_norm 226.6404571533203
learning_Rate 0.1999866565916045
--------------------------------------------------
ITERATION: 14
weighted/total_loss 138.0264434814453
weighted/task_loss 5.525047302246094
weighted/prior_loss_var_l1 64.43582153320312
weighted/prior_loss_var_l2 0.0
weighted/loss_r_feature 66.08861541748047
weighted/loss_r_feature_first 1.976961612701416
unweighted/task_loss 11.050094604492188
unweighted/prior_loss_var_l1 0.8591443300247192
unweighted/prior_loss_var_l2 2049.82275390625
unweighted/loss_r_feature 660.8861083984375
unweighted/loss_r_feature_first 0.988480806350708
unweighted/inputs_norm 227.8664093017578
learning_Rate 0.19998452485944884
--------------------------------------------------
ITERATION: 15
weighted/total_loss 141.84608459472656
weighted/task_loss 2.051464796066284
weighted/prior_loss_var_l1 71.47055053710938
weighted/prior_loss_var_l2 0.0
weighted/loss_r_feature 66.23257446289062
weighted/loss_r_feature_first 2.0914857387542725
unweighted/task_loss 4.102929592132568
unweighted/prior_loss_var_l1 0.9529406428337097
unweighted/prior_loss_var_l2 2238.520263671875
unweighted/loss_r_feature 662.3257446289062
unweighted/loss_r_feature_first 1.0457428693771362
unweighted/inputs_norm 232.4453582763672
learning_Rate 0.19998223523808087
--------------------------------------------------
ITERATION: 16
weighted/total_loss 135.48135375976562
weighted/task_loss 2.7887423038482666
weighted/prior_loss_var_l1 65.96151733398438
weighted/prior_loss_var_l2 0.0
weighted/loss_r_feature 64.67756652832031
weighted/loss_r_feature_first 2.053534984588623
unweighted/task_loss 5.577484607696533
unweighted/prior_loss_var_l1 0.8794869184494019
unweighted/prior_loss_var_l2 2044.4176025390625
unweighted/loss_r_feature 646.775634765625
unweighted/loss_r_feature_first 1.0267674922943115
unweighted/inputs_norm 232.5044708251953
learning_Rate 0.19997978773111627
--------------------------------------------------
ITERATION: 17
weighted/total_loss 136.1363067626953
weighted/task_loss 1.8376394510269165
weighted/prior_loss_var_l1 64.18019104003906
weighted/prior_loss_var_l2 0.0
weighted/loss_r_feature 67.93224334716797
weighted/loss_r_feature_first 2.1862406730651855
unweighted/task_loss 3.675278902053833
unweighted/prior_loss_var_l1 0.8557358384132385
unweighted/prior_loss_var_l2 2011.8846435546875
unweighted/loss_r_feature 679.3223876953125
unweighted/loss_r_feature_first 1.0931203365325928
unweighted/inputs_norm 234.51344299316406
learning_Rate 0.19997718234241998
--------------------------------------------------
ITERATION: 18
weighted/total_loss 136.13116455078125
weighted/task_loss 8.994388580322266
weighted/prior_loss_var_l1 66.12593841552734
weighted/prior_loss_var_l2 0.0
weighted/loss_r_feature 58.79499053955078
weighted/loss_r_feature_first 2.2158539295196533
unweighted/task_loss 17.98877716064453
unweighted/prior_loss_var_l1 0.8816791772842407
unweighted/prior_loss_var_l2 2089.208740234375
unweighted/loss_r_feature 587.9498901367188
unweighted/loss_r_feature_first 1.1079269647598267
unweighted/inputs_norm 238.6260223388672
learning_Rate 0.19997441907610622
--------------------------------------------------
ITERATION: 19
weighted/total_loss 137.26602172851562
weighted/task_loss 1.9078152179718018
weighted/prior_loss_var_l1 67.57362365722656
weighted/prior_loss_var_l2 0.0
weighted/loss_r_feature 65.59441375732422
weighted/loss_r_feature_first 2.1901724338531494
unweighted/task_loss 3.8156304359436035
unweighted/prior_loss_var_l1 0.9009816646575928
unweighted/prior_loss_var_l2 2128.708740234375
unweighted/loss_r_feature 655.944091796875
unweighted/loss_r_feature_first 1.0950862169265747
unweighted/inputs_norm 238.89932250976562
learning_Rate 0.1999714979365386
--------------------------------------------------
ITERATION: 20
weighted/total_loss 120.45946502685547
weighted/task_loss 4.527379035949707
weighted/prior_loss_var_l1 59.60418701171875
weighted/prior_loss_var_l2 0.0
weighted/loss_r_feature 54.722137451171875
weighted/loss_r_feature_first 1.6057593822479248
unweighted/task_loss 9.054758071899414
unweighted/prior_loss_var_l1 0.7947224974632263
unweighted/prior_loss_var_l2 1887.0447998046875
unweighted/loss_r_feature 547.2213745117188
unweighted/loss_r_feature_first 0.8028796911239624
unweighted/inputs_norm 242.025146484375
learning_Rate 0.19996841892832998
Verifier InvImage mPrec: 0.2703 mRec: 0.6667 mAP: 0.3424 mF1: 0.3506 
Teacher InvImage mPrec: 0.2703 mRec: 0.6667 mAP: 0.3424 mF1: 0.3506 
--------------------------------------------------
ITERATION: 21
weighted/total_loss 131.0991973876953
weighted/task_loss 3.0350282192230225
weighted/prior_loss_var_l1 64.92507934570312
weighted/prior_loss_var_l2 0.0
weighted/loss_r_feature 61.05198287963867
weighted/loss_r_feature_first 2.0871129035949707
unweighted/task_loss 6.070056438446045
unweighted/prior_loss_var_l1 0.8656677007675171
unweighted/prior_loss_var_l2 2052.873779296875
unweighted/loss_r_feature 610.5198364257812
unweighted/loss_r_feature_first 1.0435564517974854
unweighted/inputs_norm 242.6525421142578
learning_Rate 0.19996518205634256
--------------------------------------------------
ITERATION: 22
weighted/total_loss 132.94248962402344
weighted/task_loss 2.0590410232543945
weighted/prior_loss_var_l1 67.80503845214844
weighted/prior_loss_var_l2 0.0
weighted/loss_r_feature 60.72697067260742
weighted/loss_r_feature_first 2.351444959640503
unweighted/task_loss 4.118082046508789
unweighted/prior_loss_var_l1 0.9040671586990356
unweighted/prior_loss_var_l2 2112.848876953125
unweighted/loss_r_feature 607.2697143554688
unweighted/loss_r_feature_first 1.1757224798202515
unweighted/inputs_norm 246.77426147460938
learning_Rate 0.1999617873256878
--------------------------------------------------
ITERATION: 23
weighted/total_loss 123.5946044921875
weighted/task_loss 2.0548512935638428
weighted/prior_loss_var_l1 63.02723693847656
weighted/prior_loss_var_l2 0.0
weighted/loss_r_feature 56.613990783691406
weighted/loss_r_feature_first 1.8985308408737183
unweighted/task_loss 4.1097025871276855
unweighted/prior_loss_var_l1 0.8403631448745728
unweighted/prior_loss_var_l2 1976.6954345703125
unweighted/loss_r_feature 566.139892578125
unweighted/loss_r_feature_first 0.9492654204368591
unweighted/inputs_norm 246.90908813476562
learning_Rate 0.19995823474172641
--------------------------------------------------
ITERATION: 24
weighted/total_loss 131.9631805419922
weighted/task_loss 2.1224887371063232
weighted/prior_loss_var_l1 58.03187561035156
weighted/prior_loss_var_l2 0.0
weighted/loss_r_feature 70.30426025390625
weighted/loss_r_feature_first 1.5045630931854248
unweighted/task_loss 4.2449774742126465
unweighted/prior_loss_var_l1 0.7737583518028259
unweighted/prior_loss_var_l2 1800.45751953125
unweighted/loss_r_feature 703.0426025390625
unweighted/loss_r_feature_first 0.7522815465927124
unweighted/inputs_norm 245.79209899902344
learning_Rate 0.1999545243100684
--------------------------------------------------
ITERATION: 25
weighted/total_loss 133.4847412109375
weighted/task_loss 2.335488796234131
weighted/prior_loss_var_l1 66.9946517944336
weighted/prior_loss_var_l2 0.0
weighted/loss_r_feature 62.079803466796875
weighted/loss_r_feature_first 2.0747969150543213
unweighted/task_loss 4.670977592468262
unweighted/prior_loss_var_l1 0.8932620286941528
unweighted/prior_loss_var_l2 2107.34619140625
unweighted/loss_r_feature 620.7980346679688
unweighted/loss_r_feature_first 1.0373984575271606
unweighted/inputs_norm 250.69676208496094
learning_Rate 0.19995065603657314
--------------------------------------------------
ITERATION: 26
weighted/total_loss 136.22360229492188
weighted/task_loss 5.764452934265137
weighted/prior_loss_var_l1 64.51103973388672
weighted/prior_loss_var_l2 0.0
weighted/loss_r_feature 63.800148010253906
weighted/loss_r_feature_first 2.1479616165161133
unweighted/task_loss 11.528905868530273
unweighted/prior_loss_var_l1 0.8601471781730652
unweighted/prior_loss_var_l2 2039.976806640625
unweighted/loss_r_feature 638.00146484375
unweighted/loss_r_feature_first 1.0739808082580566
unweighted/inputs_norm 251.6915283203125
learning_Rate 0.19994662992734905
--------------------------------------------------
ITERATION: 27
weighted/total_loss 136.34324645996094
weighted/task_loss 1.8581974506378174
weighted/prior_loss_var_l1 71.86371612548828
weighted/prior_loss_var_l2 0.0
weighted/loss_r_feature 60.017635345458984
weighted/loss_r_feature_first 2.6037003993988037
unweighted/task_loss 3.7163949012756348
unweighted/prior_loss_var_l1 0.9581828713417053
unweighted/prior_loss_var_l2 2220.819580078125
unweighted/loss_r_feature 600.1763305664062
unweighted/loss_r_feature_first 1.3018501996994019
unweighted/inputs_norm 253.66807556152344
learning_Rate 0.19994244598875394
--------------------------------------------------
ITERATION: 28
weighted/total_loss 116.0124740600586
weighted/task_loss 1.8512086868286133
weighted/prior_loss_var_l1 59.6639518737793
weighted/prior_loss_var_l2 0.0
weighted/loss_r_feature 52.66227340698242
weighted/loss_r_feature_first 1.8350462913513184
unweighted/task_loss 3.7024173736572266
unweighted/prior_loss_var_l1 0.7955193519592285
unweighted/prior_loss_var_l2 1914.9361572265625
unweighted/loss_r_feature 526.6227416992188
unweighted/loss_r_feature_first 0.9175231456756592
unweighted/inputs_norm 252.4983367919922
learning_Rate 0.19993810422739489
--------------------------------------------------
ITERATION: 29
weighted/total_loss 132.03038024902344
weighted/task_loss 7.759099960327148
weighted/prior_loss_var_l1 60.96015548706055
weighted/prior_loss_var_l2 0.0
weighted/loss_r_feature 61.5108528137207
weighted/loss_r_feature_first 1.8002848625183105
unweighted/task_loss 15.518199920654297
unweighted/prior_loss_var_l1 0.8128020763397217
unweighted/prior_loss_var_l2 1915.90478515625
unweighted/loss_r_feature 615.1085205078125
unweighted/loss_r_feature_first 0.9001424312591553
unweighted/inputs_norm 253.76490783691406
learning_Rate 0.19993360465012802
--------------------------------------------------
ITERATION: 30
weighted/total_loss 143.18234252929688
weighted/task_loss 2.6932766437530518
weighted/prior_loss_var_l1 73.1870346069336
weighted/prior_loss_var_l2 0.0
weighted/loss_r_feature 64.81675720214844
weighted/loss_r_feature_first 2.4852776527404785
unweighted/task_loss 5.3865532875061035
unweighted/prior_loss_var_l1 0.975827157497406
unweighted/prior_loss_var_l2 2286.082275390625
unweighted/loss_r_feature 648.1675415039062
unweighted/loss_r_feature_first 1.2426388263702393
unweighted/inputs_norm 258.77001953125
learning_Rate 0.19992894726405885
Verifier InvImage mPrec: 0.2454 mRec: 0.6667 mAP: 0.258 mF1: 0.3101 
Teacher InvImage mPrec: 0.2454 mRec: 0.6667 mAP: 0.258 mF1: 0.3101 
--------------------------------------------------
ITERATION: 31
weighted/total_loss 140.4029541015625
weighted/task_loss 1.639333963394165
weighted/prior_loss_var_l1 74.3604965209961
weighted/prior_loss_var_l2 0.0
weighted/loss_r_feature 61.4561767578125
weighted/loss_r_feature_first 2.9469404220581055
unweighted/task_loss 3.27866792678833
unweighted/prior_loss_var_l1 0.9914733171463013
unweighted/prior_loss_var_l2 2329.668701171875
unweighted/loss_r_feature 614.561767578125
unweighted/loss_r_feature_first 1.4734702110290527
unweighted/inputs_norm 257.69891357421875
learning_Rate 0.19992413207654203
--------------------------------------------------
ITERATION: 32
weighted/total_loss 117.32981872558594
weighted/task_loss 3.227525234222412
weighted/prior_loss_var_l1 60.11238479614258
weighted/prior_loss_var_l2 0.0
weighted/loss_r_feature 52.194549560546875
weighted/loss_r_feature_first 1.7953639030456543
unweighted/task_loss 6.455050468444824
unweighted/prior_loss_var_l1 0.8014984726905823
unweighted/prior_loss_var_l2 1880.279052734375
unweighted/loss_r_feature 521.9454956054688
unweighted/loss_r_feature_first 0.8976819515228271
unweighted/inputs_norm 257.8277282714844
learning_Rate 0.19991915909518138
--------------------------------------------------
ITERATION: 33
weighted/total_loss 118.97017669677734
weighted/task_loss 2.0298871994018555
weighted/prior_loss_var_l1 61.715824127197266
weighted/prior_loss_var_l2 0.0
weighted/loss_r_feature 52.77254104614258
weighted/loss_r_feature_first 2.4519262313842773
unweighted/task_loss 4.059774398803711
unweighted/prior_loss_var_l1 0.8228776454925537
unweighted/prior_loss_var_l2 1953.89990234375
unweighted/loss_r_feature 527.7254028320312
unweighted/loss_r_feature_first 1.2259631156921387
unweighted/inputs_norm 260.61859130859375
learning_Rate 0.19991402832782992
--------------------------------------------------
ITERATION: 34
weighted/total_loss 111.30736541748047
weighted/task_loss 2.5844643115997314
weighted/prior_loss_var_l1 56.38721466064453
weighted/prior_loss_var_l2 0.0
weighted/loss_r_feature 50.653804779052734
weighted/loss_r_feature_first 1.6818795204162598
unweighted/task_loss 5.168928623199463
unweighted/prior_loss_var_l1 0.7518295049667358
unweighted/prior_loss_var_l2 1815.361083984375
unweighted/loss_r_feature 506.53802490234375
unweighted/loss_r_feature_first 0.8409397602081299
unweighted/inputs_norm 259.5449523925781
learning_Rate 0.19990873978258983
--------------------------------------------------
ITERATION: 35
weighted/total_loss 117.7771987915039
weighted/task_loss 2.8538434505462646
weighted/prior_loss_var_l1 59.08743667602539
weighted/prior_loss_var_l2 0.0
weighted/loss_r_feature 54.00551986694336
weighted/loss_r_feature_first 1.830394983291626
unweighted/task_loss 5.707686901092529
unweighted/prior_loss_var_l1 0.787832498550415
unweighted/prior_loss_var_l2 1894.5692138671875
unweighted/loss_r_feature 540.05517578125
unweighted/loss_r_feature_first 0.915197491645813
unweighted/inputs_norm 262.20758056640625
learning_Rate 0.19990329346781244
--------------------------------------------------
ITERATION: 36
weighted/total_loss 118.30601501464844
weighted/task_loss 11.907600402832031
weighted/prior_loss_var_l1 55.95881652832031
weighted/prior_loss_var_l2 0.0
weighted/loss_r_feature 48.680484771728516
weighted/loss_r_feature_first 1.7591075897216797
unweighted/task_loss 23.815200805664062
unweighted/prior_loss_var_l1 0.7461175322532654
unweighted/prior_loss_var_l2 1843.8592529296875
unweighted/loss_r_feature 486.8048400878906
unweighted/loss_r_feature_first 0.8795537948608398
unweighted/inputs_norm 263.34124755859375
learning_Rate 0.1998976893920982
--------------------------------------------------
ITERATION: 37
weighted/total_loss 135.87478637695312
weighted/task_loss 2.646087169647217
weighted/prior_loss_var_l1 67.97440338134766
weighted/prior_loss_var_l2 0.0
weighted/loss_r_feature 63.00094223022461
weighted/loss_r_feature_first 2.2533600330352783
unweighted/task_loss 5.292174339294434
unweighted/prior_loss_var_l1 0.9063253402709961
unweighted/prior_loss_var_l2 2117.30322265625
unweighted/loss_r_feature 630.0093994140625
unweighted/loss_r_feature_first 1.1266800165176392
unweighted/inputs_norm 264.9923095703125
learning_Rate 0.19989192756429677
--------------------------------------------------
ITERATION: 38
weighted/total_loss 127.38658905029297
weighted/task_loss 3.2884726524353027
weighted/prior_loss_var_l1 65.7250747680664
weighted/prior_loss_var_l2 0.0
weighted/loss_r_feature 56.004547119140625
weighted/loss_r_feature_first 2.3684957027435303
unweighted/task_loss 6.5769453048706055
unweighted/prior_loss_var_l1 0.8763343095779419
unweighted/prior_loss_var_l2 2110.16162109375
unweighted/loss_r_feature 560.0454711914062
unweighted/loss_r_feature_first 1.1842478513717651
unweighted/inputs_norm 266.310546875
learning_Rate 0.1998860079935068
--------------------------------------------------
ITERATION: 39
weighted/total_loss 116.28982543945312
weighted/task_loss 2.220489740371704
weighted/prior_loss_var_l1 60.41553497314453
weighted/prior_loss_var_l2 0.0
weighted/loss_r_feature 51.43292236328125
weighted/loss_r_feature_first 2.2208752632141113
unweighted/task_loss 4.440979480743408
unweighted/prior_loss_var_l1 0.8055404424667358
unweighted/prior_loss_var_l2 1883.278564453125
unweighted/loss_r_feature 514.3292236328125
unweighted/loss_r_feature_first 1.1104376316070557
unweighted/inputs_norm 267.56646728515625
learning_Rate 0.19987993068907617
--------------------------------------------------
ITERATION: 40
weighted/total_loss 137.14239501953125
weighted/task_loss 2.128478527069092
weighted/prior_loss_var_l1 66.2458724975586
weighted/prior_loss_var_l2 0.0
weighted/loss_r_feature 66.3403091430664
weighted/loss_r_feature_first 2.4277291297912598
unweighted/task_loss 4.256957054138184
unweighted/prior_loss_var_l1 0.8832782506942749
unweighted/prior_loss_var_l2 2080.728271484375
unweighted/loss_r_feature 663.403076171875
unweighted/loss_r_feature_first 1.2138645648956299
unweighted/inputs_norm 267.2611999511719
learning_Rate 0.19987369566060173
Verifier InvImage mPrec: 0.7006 mRec: 1.0 mAP: 0.7048 mF1: 0.7283 
Teacher InvImage mPrec: 0.7006 mRec: 1.0 mAP: 0.7048 mF1: 0.7283 
--------------------------------------------------
ITERATION: 41
weighted/total_loss 121.34320831298828
weighted/task_loss 1.7299689054489136
weighted/prior_loss_var_l1 62.99068069458008
weighted/prior_loss_var_l2 0.0
weighted/loss_r_feature 54.28773880004883
weighted/loss_r_feature_first 2.334813356399536
unweighted/task_loss 3.459937810897827
unweighted/prior_loss_var_l1 0.8398757576942444
unweighted/prior_loss_var_l2 2023.5419921875
unweighted/loss_r_feature 542.8773803710938
unweighted/loss_r_feature_first 1.167406678199768
unweighted/inputs_norm 269.8755187988281
learning_Rate 0.19986730291792942
--------------------------------------------------
ITERATION: 42
weighted/total_loss 109.99305725097656
weighted/task_loss 5.637476444244385
weighted/prior_loss_var_l1 55.8938102722168
weighted/prior_loss_var_l2 0.0
weighted/loss_r_feature 46.441253662109375
weighted/loss_r_feature_first 2.020517587661743
unweighted/task_loss 11.27495288848877
unweighted/prior_loss_var_l1 0.7452508211135864
unweighted/prior_loss_var_l2 1843.7589111328125
unweighted/loss_r_feature 464.41253662109375
unweighted/loss_r_feature_first 1.0102587938308716
unweighted/inputs_norm 269.4085388183594
learning_Rate 0.19986075247115428
--------------------------------------------------
ITERATION: 43
weighted/total_loss 132.83599853515625
weighted/task_loss 7.473050117492676
weighted/prior_loss_var_l1 67.36858367919922
weighted/prior_loss_var_l2 0.0
weighted/loss_r_feature 54.6563835144043
weighted/loss_r_feature_first 3.3379898071289062
unweighted/task_loss 14.946100234985352
unweighted/prior_loss_var_l1 0.8982477784156799
unweighted/prior_loss_var_l2 2133.624755859375
unweighted/loss_r_feature 546.5638427734375
unweighted/loss_r_feature_first 1.6689949035644531
unweighted/inputs_norm 269.590576171875
learning_Rate 0.19985404433062037
--------------------------------------------------
ITERATION: 44
weighted/total_loss 114.46820831298828
weighted/task_loss 4.178497791290283
weighted/prior_loss_var_l1 58.215850830078125
weighted/prior_loss_var_l2 0.0
weighted/loss_r_feature 50.33443832397461
weighted/loss_r_feature_first 1.7394195795059204
unweighted/task_loss 8.356995582580566
unweighted/prior_loss_var_l1 0.7762113213539124
unweighted/prior_loss_var_l2 1808.3336181640625
unweighted/loss_r_feature 503.3443603515625
unweighted/loss_r_feature_first 0.8697097897529602
unweighted/inputs_norm 270.0010986328125
learning_Rate 0.19984717850692077
--------------------------------------------------
ITERATION: 45
weighted/total_loss 121.7274398803711
weighted/task_loss 1.7158958911895752
weighted/prior_loss_var_l1 61.3240852355957
weighted/prior_loss_var_l2 0.0
weighted/loss_r_feature 56.62897872924805
weighted/loss_r_feature_first 2.0584797859191895
unweighted/task_loss 3.4317917823791504
unweighted/prior_loss_var_l1 0.8176544904708862
unweighted/prior_loss_var_l2 1967.01171875
unweighted/loss_r_feature 566.289794921875
unweighted/loss_r_feature_first 1.0292398929595947
unweighted/inputs_norm 270.6496887207031
learning_Rate 0.1998401550108975
--------------------------------------------------
ITERATION: 46
weighted/total_loss 140.8249969482422
weighted/task_loss 9.15805435180664
weighted/prior_loss_var_l1 69.14175415039062
weighted/prior_loss_var_l2 0.0
weighted/loss_r_feature 60.06948471069336
weighted/loss_r_feature_first 2.4557106494903564
unweighted/task_loss 18.31610870361328
unweighted/prior_loss_var_l1 0.9218900799751282
unweighted/prior_loss_var_l2 2183.231689453125
unweighted/loss_r_feature 600.69482421875
unweighted/loss_r_feature_first 1.2278553247451782
unweighted/inputs_norm 272.42230224609375
learning_Rate 0.19983297385364165
--------------------------------------------------
ITERATION: 47
weighted/total_loss 119.65817260742188
weighted/task_loss 1.2854533195495605
weighted/prior_loss_var_l1 63.052528381347656
weighted/prior_loss_var_l2 0.0
weighted/loss_r_feature 53.02545166015625
weighted/loss_r_feature_first 2.2947397232055664
unweighted/task_loss 2.570906639099121
unweighted/prior_loss_var_l1 0.8407003879547119
unweighted/prior_loss_var_l2 2018.646484375
unweighted/loss_r_feature 530.2545166015625
unweighted/loss_r_feature_first 1.1473698616027832
unweighted/inputs_norm 272.3206481933594
learning_Rate 0.19982563504649326
--------------------------------------------------
ITERATION: 48
weighted/total_loss 109.92577362060547
weighted/task_loss 6.204470634460449
weighted/prior_loss_var_l1 55.15795135498047
weighted/prior_loss_var_l2 0.0
weighted/loss_r_feature 46.798545837402344
weighted/loss_r_feature_first 1.7648065090179443
unweighted/task_loss 12.408941268920898
unweighted/prior_loss_var_l1 0.7354393601417542
unweighted/prior_loss_var_l2 1782.455322265625
unweighted/loss_r_feature 467.9854431152344
unweighted/loss_r_feature_first 0.8824032545089722
unweighted/inputs_norm 271.55181884765625
learning_Rate 0.19981813860104128
--------------------------------------------------
ITERATION: 49
weighted/total_loss 118.16319274902344
weighted/task_loss 1.9758667945861816
weighted/prior_loss_var_l1 61.035369873046875
weighted/prior_loss_var_l2 0.0
weighted/loss_r_feature 53.19363021850586
weighted/loss_r_feature_first 1.9583277702331543
unweighted/task_loss 3.9517335891723633
unweighted/prior_loss_var_l1 0.8138049244880676
unweighted/prior_loss_var_l2 1898.9979248046875
unweighted/loss_r_feature 531.936279296875
unweighted/loss_r_feature_first 0.9791638851165771
unweighted/inputs_norm 273.74713134765625
learning_Rate 0.19981048452912362
--------------------------------------------------
ITERATION: 50
weighted/total_loss 123.9449234008789
weighted/task_loss 1.4836491346359253
weighted/prior_loss_var_l1 61.66991424560547
weighted/prior_loss_var_l2 0.0
weighted/loss_r_feature 58.43915939331055
weighted/loss_r_feature_first 2.3521952629089355
unweighted/task_loss 2.9672982692718506
unweighted/prior_loss_var_l1 0.8222655057907104
unweighted/prior_loss_var_l2 1939.873291015625
unweighted/loss_r_feature 584.3916015625
unweighted/loss_r_feature_first 1.1760976314544678
unweighted/inputs_norm 272.57122802734375
learning_Rate 0.19980267284282713
Verifier InvImage mPrec: 0.6846 mRec: 1.0 mAP: 0.6888 mF1: 0.7007 
Teacher InvImage mPrec: 0.6846 mRec: 1.0 mAP: 0.6888 mF1: 0.7007 
--------------------------------------------------
ITERATION: 51
weighted/total_loss 134.37362670898438
weighted/task_loss 1.2643442153930664
weighted/prior_loss_var_l1 71.29585266113281
weighted/prior_loss_var_l2 0.0
weighted/loss_r_feature 58.65877151489258
weighted/loss_r_feature_first 3.154664993286133
unweighted/task_loss 2.528688430786133
unweighted/prior_loss_var_l1 0.9506113529205322
unweighted/prior_loss_var_l2 2221.622802734375
unweighted/loss_r_feature 586.5877075195312
unweighted/loss_r_feature_first 1.5773324966430664
unweighted/inputs_norm 275.2413635253906
learning_Rate 0.1997947035544875
--------------------------------------------------
ITERATION: 52
weighted/total_loss 109.62513732910156
weighted/task_loss 2.196786403656006
weighted/prior_loss_var_l1 58.415367126464844
weighted/prior_loss_var_l2 0.0
weighted/loss_r_feature 46.76212692260742
weighted/loss_r_feature_first 2.250857353210449
unweighted/task_loss 4.393572807312012
unweighted/prior_loss_var_l1 0.7788715362548828
unweighted/prior_loss_var_l2 1893.1131591796875
unweighted/loss_r_feature 467.6212463378906
unweighted/loss_r_feature_first 1.1254286766052246
unweighted/inputs_norm 273.2519836425781
learning_Rate 0.19978657667668936
--------------------------------------------------
ITERATION: 53
weighted/total_loss 118.77748107910156
weighted/task_loss 8.361618995666504
weighted/prior_loss_var_l1 58.543609619140625
weighted/prior_loss_var_l2 0.0
weighted/loss_r_feature 49.96173858642578
weighted/loss_r_feature_first 1.910512924194336
unweighted/task_loss 16.723237991333008
unweighted/prior_loss_var_l1 0.7805814743041992
unweighted/prior_loss_var_l2 1870.930908203125
unweighted/loss_r_feature 499.61737060546875
unweighted/loss_r_feature_first 0.955256462097168
unweighted/inputs_norm 273.56427001953125
learning_Rate 0.19977829222226615
--------------------------------------------------
ITERATION: 54
weighted/total_loss 122.0761489868164
weighted/task_loss 1.8955419063568115
weighted/prior_loss_var_l1 61.770660400390625
weighted/prior_loss_var_l2 0.0
weighted/loss_r_feature 56.4898681640625
weighted/loss_r_feature_first 1.9200787544250488
unweighted/task_loss 3.791083812713623
unweighted/prior_loss_var_l1 0.8236088156700134
unweighted/prior_loss_var_l2 1944.137451171875
unweighted/loss_r_feature 564.898681640625
unweighted/loss_r_feature_first 0.9600393772125244
unweighted/inputs_norm 276.0840148925781
learning_Rate 0.19976985020430013
--------------------------------------------------
ITERATION: 55
weighted/total_loss 165.8011474609375
weighted/task_loss 13.283730506896973
weighted/prior_loss_var_l1 64.79844665527344
weighted/prior_loss_var_l2 0.0
weighted/loss_r_feature 85.38829803466797
weighted/loss_r_feature_first 2.330669403076172
unweighted/task_loss 26.567461013793945
unweighted/prior_loss_var_l1 0.8639792799949646
unweighted/prior_loss_var_l2 2068.752197265625
unweighted/loss_r_feature 853.8829956054688
unweighted/loss_r_feature_first 1.165334701538086
unweighted/inputs_norm 275.4019470214844
learning_Rate 0.19976125063612243
--------------------------------------------------
ITERATION: 56
weighted/total_loss 155.7950897216797
weighted/task_loss 8.108898162841797
weighted/prior_loss_var_l1 70.87623596191406
weighted/prior_loss_var_l2 0.0
weighted/loss_r_feature 74.03043365478516
weighted/loss_r_feature_first 2.7795205116271973
unweighted/task_loss 16.217796325683594
unweighted/prior_loss_var_l1 0.9450164437294006
unweighted/prior_loss_var_l2 2258.5634765625
unweighted/loss_r_feature 740.3043212890625
unweighted/loss_r_feature_first 1.3897602558135986
unweighted/inputs_norm 277.6373291015625
learning_Rate 0.19975249353131294
--------------------------------------------------
ITERATION: 57
weighted/total_loss 125.53422546386719
weighted/task_loss 4.8846893310546875
weighted/prior_loss_var_l1 58.72637939453125
weighted/prior_loss_var_l2 0.0
weighted/loss_r_feature 59.8346061706543
weighted/loss_r_feature_first 2.0885448455810547
unweighted/task_loss 9.769378662109375
unweighted/prior_loss_var_l1 0.7830184102058411
unweighted/prior_loss_var_l2 1921.92333984375
unweighted/loss_r_feature 598.3460693359375
unweighted/loss_r_feature_first 1.0442724227905273
unweighted/inputs_norm 278.0099792480469
learning_Rate 0.1997435789037003
--------------------------------------------------
ITERATION: 58
weighted/total_loss 136.37977600097656
weighted/task_loss 2.351684808731079
weighted/prior_loss_var_l1 70.36676025390625
weighted/prior_loss_var_l2 0.0
weighted/loss_r_feature 60.74648666381836
weighted/loss_r_feature_first 2.914834499359131
unweighted/task_loss 4.703369617462158
unweighted/prior_loss_var_l1 0.9382234215736389
unweighted/prior_loss_var_l2 2240.62939453125
unweighted/loss_r_feature 607.46484375
unweighted/loss_r_feature_first 1.4574172496795654
unweighted/inputs_norm 278.1070861816406
learning_Rate 0.19973450676736193
--------------------------------------------------
ITERATION: 59
weighted/total_loss 126.57196044921875
weighted/task_loss 1.6461492776870728
weighted/prior_loss_var_l1 64.3863296508789
weighted/prior_loss_var_l2 0.0
weighted/loss_r_feature 58.56283187866211
weighted/loss_r_feature_first 1.976651668548584
unweighted/task_loss 3.2922985553741455
unweighted/prior_loss_var_l1 0.8584843873977661
unweighted/prior_loss_var_l2 1986.3416748046875
unweighted/loss_r_feature 585.6282958984375
unweighted/loss_r_feature_first 0.988325834274292
unweighted/inputs_norm 275.8132019042969
learning_Rate 0.199725277136624
--------------------------------------------------
ITERATION: 60
weighted/total_loss 115.98465728759766
weighted/task_loss 1.3029106855392456
weighted/prior_loss_var_l1 59.672874450683594
weighted/prior_loss_var_l2 0.0
weighted/loss_r_feature 53.16876220703125
weighted/loss_r_feature_first 1.8401105403900146
unweighted/task_loss 2.605821371078491
unweighted/prior_loss_var_l1 0.7956383228302002
unweighted/prior_loss_var_l2 1908.8331298828125
unweighted/loss_r_feature 531.6876220703125
unweighted/loss_r_feature_first 0.9200552701950073
unweighted/inputs_norm 276.2265319824219
learning_Rate 0.19971589002606133
Verifier InvImage mPrec: 0.6667 mRec: 0.6667 mAP: 0.6772 mF1: 0.6667 
Teacher InvImage mPrec: 0.6667 mRec: 0.6667 mAP: 0.6772 mF1: 0.6667 
--------------------------------------------------
ITERATION: 61
weighted/total_loss 118.24053192138672
weighted/task_loss 2.5626730918884277
weighted/prior_loss_var_l1 62.0391731262207
weighted/prior_loss_var_l2 0.0
weighted/loss_r_feature 51.6265869140625
weighted/loss_r_feature_first 2.0121028423309326
unweighted/task_loss 5.1253461837768555
unweighted/prior_loss_var_l1 0.8271889686584473
unweighted/prior_loss_var_l2 1949.382080078125
unweighted/loss_r_feature 516.265869140625
unweighted/loss_r_feature_first 1.0060514211654663
unweighted/inputs_norm 275.9416198730469
learning_Rate 0.19970634545049745
--------------------------------------------------
ITERATION: 62
weighted/total_loss 115.98695373535156
weighted/task_loss 1.5372095108032227
weighted/prior_loss_var_l1 59.59568786621094
weighted/prior_loss_var_l2 0.0
weighted/loss_r_feature 52.46185302734375
weighted/loss_r_feature_first 2.3922019004821777
unweighted/task_loss 3.0744190216064453
unweighted/prior_loss_var_l1 0.7946091890335083
unweighted/prior_loss_var_l2 1915.567626953125
unweighted/loss_r_feature 524.6185302734375
unweighted/loss_r_feature_first 1.1961009502410889
unweighted/inputs_norm 276.2964172363281
learning_Rate 0.19969664342500454
--------------------------------------------------
ITERATION: 63
weighted/total_loss 123.25193786621094
weighted/task_loss 1.7538710832595825
weighted/prior_loss_var_l1 64.69611358642578
weighted/prior_loss_var_l2 0.0
weighted/loss_r_feature 54.518470764160156
weighted/loss_r_feature_first 2.2834815979003906
unweighted/task_loss 3.507742166519165
unweighted/prior_loss_var_l1 0.8626148700714111
unweighted/prior_loss_var_l2 2037.20703125
unweighted/loss_r_feature 545.1846923828125
unweighted/loss_r_feature_first 1.1417407989501953
unweighted/inputs_norm 277.633544921875
learning_Rate 0.1996867839649034
--------------------------------------------------
ITERATION: 64
weighted/total_loss 139.27841186523438
weighted/task_loss 10.629949569702148
weighted/prior_loss_var_l1 59.522098541259766
weighted/prior_loss_var_l2 0.0
weighted/loss_r_feature 67.17567443847656
weighted/loss_r_feature_first 1.9506909847259521
unweighted/task_loss 21.259899139404297
unweighted/prior_loss_var_l1 0.7936279773712158
unweighted/prior_loss_var_l2 1916.0301513671875
unweighted/loss_r_feature 671.7567138671875
unweighted/loss_r_feature_first 0.9753454923629761
unweighted/inputs_norm 276.8974304199219
learning_Rate 0.19967676708576354
--------------------------------------------------
ITERATION: 65
weighted/total_loss 140.16192626953125
weighted/task_loss 8.317121505737305
weighted/prior_loss_var_l1 67.45817565917969
weighted/prior_loss_var_l2 0.0
weighted/loss_r_feature 61.961341857910156
weighted/loss_r_feature_first 2.425288438796997
unweighted/task_loss 16.63424301147461
unweighted/prior_loss_var_l1 0.8994423747062683
unweighted/prior_loss_var_l2 2158.425537109375
unweighted/loss_r_feature 619.6134033203125
unweighted/loss_r_feature_first 1.2126442193984985
unweighted/inputs_norm 280.48333740234375
learning_Rate 0.1996665928034029
--------------------------------------------------
ITERATION: 66
weighted/total_loss 127.6866455078125
weighted/task_loss 2.187589645385742
weighted/prior_loss_var_l1 66.76081848144531
weighted/prior_loss_var_l2 0.0
weighted/loss_r_feature 56.49775314331055
weighted/loss_r_feature_first 2.240478515625
unweighted/task_loss 4.375179290771484
unweighted/prior_loss_var_l1 0.8901442289352417
unweighted/prior_loss_var_l2 2115.0390625
unweighted/loss_r_feature 564.9775390625
unweighted/loss_r_feature_first 1.1202392578125
unweighted/inputs_norm 279.9545593261719
learning_Rate 0.19965626113388815
--------------------------------------------------
ITERATION: 67
weighted/total_loss 118.45014190673828
weighted/task_loss 1.3189588785171509
weighted/prior_loss_var_l1 60.281517028808594
weighted/prior_loss_var_l2 0.0
weighted/loss_r_feature 54.936744689941406
weighted/loss_r_feature_first 1.9129245281219482
unweighted/task_loss 2.6379177570343018
unweighted/prior_loss_var_l1 0.8037535548210144
unweighted/prior_loss_var_l2 1954.543212890625
unweighted/loss_r_feature 549.367431640625
unweighted/loss_r_feature_first 0.9564622640609741
unweighted/inputs_norm 278.18994140625
learning_Rate 0.19964577209353432
--------------------------------------------------
ITERATION: 68
weighted/total_loss 126.72494506835938
weighted/task_loss 1.5331096649169922
weighted/prior_loss_var_l1 67.8422622680664
weighted/prior_loss_var_l2 0.0
weighted/loss_r_feature 54.74391555786133
weighted/loss_r_feature_first 2.605652332305908
unweighted/task_loss 3.0662193298339844
unweighted/prior_loss_var_l1 0.9045634865760803
unweighted/prior_loss_var_l2 2138.11962890625
unweighted/loss_r_feature 547.4391479492188
unweighted/loss_r_feature_first 1.302826166152954
unweighted/inputs_norm 279.39093017578125
learning_Rate 0.19963512569890504
--------------------------------------------------
ITERATION: 69
weighted/total_loss 109.14134216308594
weighted/task_loss 4.448752403259277
weighted/prior_loss_var_l1 55.316375732421875
weighted/prior_loss_var_l2 0.0
weighted/loss_r_feature 47.69881820678711
weighted/loss_r_feature_first 1.6774005889892578
unweighted/task_loss 8.897504806518555
unweighted/prior_loss_var_l1 0.7375516891479492
unweighted/prior_loss_var_l2 1801.353271484375
unweighted/loss_r_feature 476.9881591796875
unweighted/loss_r_feature_first 0.8387002944946289
unweighted/inputs_norm 278.0914306640625
learning_Rate 0.19962432196681248
--------------------------------------------------
ITERATION: 70
weighted/total_loss 128.33432006835938
weighted/task_loss 2.1790599822998047
weighted/prior_loss_var_l1 65.12007141113281
weighted/prior_loss_var_l2 0.0
weighted/loss_r_feature 58.8289680480957
weighted/loss_r_feature_first 2.2062206268310547
unweighted/task_loss 4.358119964599609
unweighted/prior_loss_var_l1 0.8682675957679749
unweighted/prior_loss_var_l2 2074.142578125
unweighted/loss_r_feature 588.2896728515625
unweighted/loss_r_feature_first 1.1031103134155273
unweighted/inputs_norm 280.0663757324219
learning_Rate 0.19961336091431717
Verifier InvImage mPrec: 0.2415 mRec: 0.6667 mAP: 0.4477 mF1: 0.3031 
Teacher InvImage mPrec: 0.2415 mRec: 0.6667 mAP: 0.4477 mF1: 0.3031 
--------------------------------------------------
ITERATION: 71
weighted/total_loss 115.720947265625
weighted/task_loss 1.441417932510376
weighted/prior_loss_var_l1 60.81000900268555
weighted/prior_loss_var_l2 0.0
weighted/loss_r_feature 51.241119384765625
weighted/loss_r_feature_first 2.2284021377563477
unweighted/task_loss 2.882835865020752
unweighted/prior_loss_var_l1 0.8108001351356506
unweighted/prior_loss_var_l2 1972.368408203125
unweighted/loss_r_feature 512.4111938476562
unweighted/loss_r_feature_first 1.1142010688781738
unweighted/inputs_norm 280.7675476074219
learning_Rate 0.1996022425587281
--------------------------------------------------
ITERATION: 72
weighted/total_loss 117.6639404296875
weighted/task_loss 6.583399772644043
weighted/prior_loss_var_l1 59.57014846801758
weighted/prior_loss_var_l2 0.0
weighted/loss_r_feature 49.49799346923828
weighted/loss_r_feature_first 2.012399673461914
unweighted/task_loss 13.166799545288086
unweighted/prior_loss_var_l1 0.7942686676979065
unweighted/prior_loss_var_l2 1934.9962158203125
unweighted/loss_r_feature 494.97991943359375
unweighted/loss_r_feature_first 1.006199836730957
unweighted/inputs_norm 280.80975341796875
learning_Rate 0.19959096691760272
--------------------------------------------------
ITERATION: 73
weighted/total_loss 123.04655456542969
weighted/task_loss 6.505494117736816
weighted/prior_loss_var_l1 59.1790657043457
weighted/prior_loss_var_l2 0.0
weighted/loss_r_feature 55.246917724609375
weighted/loss_r_feature_first 2.1150715351104736
unweighted/task_loss 13.010988235473633
unweighted/prior_loss_var_l1 0.7890542149543762
unweighted/prior_loss_var_l2 1939.261962890625
unweighted/loss_r_feature 552.4691772460938
unweighted/loss_r_feature_first 1.0575357675552368
unweighted/inputs_norm 281.556396484375
learning_Rate 0.19957953400874676
--------------------------------------------------
ITERATION: 74
weighted/total_loss 138.040283203125
weighted/task_loss 4.295958995819092
weighted/prior_loss_var_l1 71.01697540283203
weighted/prior_loss_var_l2 0.0
weighted/loss_r_feature 59.84223556518555
weighted/loss_r_feature_first 2.8851099014282227
unweighted/task_loss 8.591917991638184
unweighted/prior_loss_var_l1 0.946893036365509
unweighted/prior_loss_var_l2 2188.61328125
unweighted/loss_r_feature 598.42236328125
unweighted/loss_r_feature_first 1.4425549507141113
unweighted/inputs_norm 283.2103576660156
learning_Rate 0.19956794385021434
--------------------------------------------------
ITERATION: 75
weighted/total_loss 130.32847595214844
weighted/task_loss 4.258670330047607
weighted/prior_loss_var_l1 66.37416076660156
weighted/prior_loss_var_l2 0.0
weighted/loss_r_feature 57.153602600097656
weighted/loss_r_feature_first 2.542046546936035
unweighted/task_loss 8.517340660095215
unweighted/prior_loss_var_l1 0.8849887847900391
unweighted/prior_loss_var_l2 2130.247314453125
unweighted/loss_r_feature 571.5360107421875
unweighted/loss_r_feature_first 1.2710232734680176
unweighted/inputs_norm 282.1040954589844
learning_Rate 0.19955619646030792
--------------------------------------------------
ITERATION: 76
weighted/total_loss 139.912841796875
weighted/task_loss 1.7463629245758057
weighted/prior_loss_var_l1 65.19495391845703
weighted/prior_loss_var_l2 0.0
weighted/loss_r_feature 70.88162994384766
weighted/loss_r_feature_first 2.0899031162261963
unweighted/task_loss 3.4927258491516113
unweighted/prior_loss_var_l1 0.8692660927772522
unweighted/prior_loss_var_l2 2046.662109375
unweighted/loss_r_feature 708.8162841796875
unweighted/loss_r_feature_first 1.0449515581130981
unweighted/inputs_norm 280.2723083496094
learning_Rate 0.19954429185757824
--------------------------------------------------
ITERATION: 77
weighted/total_loss 130.9512176513672
weighted/task_loss 1.8639211654663086
weighted/prior_loss_var_l1 67.21063232421875
weighted/prior_loss_var_l2 0.0
weighted/loss_r_feature 59.347930908203125
weighted/loss_r_feature_first 2.528735637664795
unweighted/task_loss 3.727842330932617
unweighted/prior_loss_var_l1 0.896141767501831
unweighted/prior_loss_var_l2 2120.54443359375
unweighted/loss_r_feature 593.4793090820312
unweighted/loss_r_feature_first 1.2643678188323975
unweighted/inputs_norm 281.8460388183594
learning_Rate 0.19953223006082427
--------------------------------------------------
ITERATION: 78
weighted/total_loss 128.90231323242188
weighted/task_loss 12.12386703491211
weighted/prior_loss_var_l1 63.389888763427734
weighted/prior_loss_var_l2 0.0
weighted/loss_r_feature 51.12568283081055
weighted/loss_r_feature_first 2.26287841796875
unweighted/task_loss 24.24773406982422
unweighted/prior_loss_var_l1 0.8451985120773315
unweighted/prior_loss_var_l2 2005.150146484375
unweighted/loss_r_feature 511.2568359375
unweighted/loss_r_feature_first 1.131439208984375
unweighted/inputs_norm 281.356201171875
learning_Rate 0.19952001108909326
--------------------------------------------------
ITERATION: 79
weighted/total_loss 128.3746337890625
weighted/task_loss 0.9443545937538147
weighted/prior_loss_var_l1 66.81813049316406
weighted/prior_loss_var_l2 0.0
weighted/loss_r_feature 58.05971908569336
weighted/loss_r_feature_first 2.552426815032959
unweighted/task_loss 1.8887091875076294
unweighted/prior_loss_var_l1 0.890908420085907
unweighted/prior_loss_var_l2 2110.103515625
unweighted/loss_r_feature 580.59716796875
unweighted/loss_r_feature_first 1.2762134075164795
unweighted/inputs_norm 281.20318603515625
learning_Rate 0.1995076349616806
--------------------------------------------------
ITERATION: 80
weighted/total_loss 113.64630126953125
weighted/task_loss 1.2225160598754883
weighted/prior_loss_var_l1 57.75015640258789
weighted/prior_loss_var_l2 0.0
weighted/loss_r_feature 52.8731575012207
weighted/loss_r_feature_first 1.8004786968231201
unweighted/task_loss 2.4450321197509766
unweighted/prior_loss_var_l1 0.7700020670890808
unweighted/prior_loss_var_l2 1846.0775146484375
unweighted/loss_r_feature 528.7315673828125
unweighted/loss_r_feature_first 0.9002393484115601
unweighted/inputs_norm 279.9869689941406
learning_Rate 0.19949510169812995
Verifier InvImage mPrec: 0.2019 mRec: 0.6667 mAP: 0.2543 mF1: 0.2749 
Teacher InvImage mPrec: 0.2019 mRec: 0.6667 mAP: 0.2543 mF1: 0.2749 
--------------------------------------------------
ITERATION: 81
weighted/total_loss 123.13130950927734
weighted/task_loss 8.145546913146973
weighted/prior_loss_var_l1 60.8854866027832
weighted/prior_loss_var_l2 0.0
weighted/loss_r_feature 52.154151916503906
weighted/loss_r_feature_first 1.946121335029602
unweighted/task_loss 16.291093826293945
unweighted/prior_loss_var_l1 0.8118064999580383
unweighted/prior_loss_var_l2 1950.1766357421875
unweighted/loss_r_feature 521.54150390625
unweighted/loss_r_feature_first 0.973060667514801
unweighted/inputs_norm 282.6196594238281
learning_Rate 0.19948241131823297
--------------------------------------------------
ITERATION: 82
weighted/total_loss 131.25315856933594
weighted/task_loss 5.695040702819824
weighted/prior_loss_var_l1 65.57839965820312
weighted/prior_loss_var_l2 0.0
weighted/loss_r_feature 57.657386779785156
weighted/loss_r_feature_first 2.3223347663879395
unweighted/task_loss 11.390081405639648
unweighted/prior_loss_var_l1 0.8743786215782166
unweighted/prior_loss_var_l2 2106.65234375
unweighted/loss_r_feature 576.5738525390625
unweighted/loss_r_feature_first 1.1611673831939697
unweighted/inputs_norm 282.39013671875
learning_Rate 0.19946956384202952
--------------------------------------------------
ITERATION: 83
weighted/total_loss 124.77433776855469
weighted/task_loss 2.084946632385254
weighted/prior_loss_var_l1 64.91355895996094
weighted/prior_loss_var_l2 0.0
weighted/loss_r_feature 55.51729965209961
weighted/loss_r_feature_first 2.2585268020629883
unweighted/task_loss 4.169893264770508
unweighted/prior_loss_var_l1 0.8655141592025757
unweighted/prior_loss_var_l2 2018.43408203125
unweighted/loss_r_feature 555.1729736328125
unweighted/loss_r_feature_first 1.1292634010314941
unweighted/inputs_norm 284.0881652832031
learning_Rate 0.19945655928980754
--------------------------------------------------
ITERATION: 84
weighted/total_loss 119.0041275024414
weighted/task_loss 3.8900558948516846
weighted/prior_loss_var_l1 61.247108459472656
weighted/prior_loss_var_l2 0.0
weighted/loss_r_feature 51.95123291015625
weighted/loss_r_feature_first 1.9157304763793945
unweighted/task_loss 7.780111789703369
unweighted/prior_loss_var_l1 0.816628098487854
unweighted/prior_loss_var_l2 1958.5145263671875
unweighted/loss_r_feature 519.5123291015625
unweighted/loss_r_feature_first 0.9578652381896973
unweighted/inputs_norm 282.13677978515625
learning_Rate 0.199443397682103
--------------------------------------------------
ITERATION: 85
weighted/total_loss 119.11913299560547
weighted/task_loss 1.3355964422225952
weighted/prior_loss_var_l1 61.75263977050781
weighted/prior_loss_var_l2 0.0
weighted/loss_r_feature 54.14278793334961
weighted/loss_r_feature_first 1.8881065845489502
unweighted/task_loss 2.6711928844451904
unweighted/prior_loss_var_l1 0.8233685493469238
unweighted/prior_loss_var_l2 1967.5302734375
unweighted/loss_r_feature 541.4278564453125
unweighted/loss_r_feature_first 0.9440532922744751
unweighted/inputs_norm 283.7197265625
learning_Rate 0.19943007903969984
--------------------------------------------------
ITERATION: 86
weighted/total_loss 119.04357147216797
weighted/task_loss 3.1542701721191406
weighted/prior_loss_var_l1 58.904117584228516
weighted/prior_loss_var_l2 0.0
weighted/loss_r_feature 54.47161865234375
weighted/loss_r_feature_first 2.5135631561279297
unweighted/task_loss 6.308540344238281
unweighted/prior_loss_var_l1 0.7853882312774658
unweighted/prior_loss_var_l2 1863.8038330078125
unweighted/loss_r_feature 544.7161865234375
unweighted/loss_r_feature_first 1.2567815780639648
unweighted/inputs_norm 282.1822509765625
learning_Rate 0.19941660338363001
--------------------------------------------------
ITERATION: 87
weighted/total_loss 127.94597625732422
weighted/task_loss 1.3524179458618164
weighted/prior_loss_var_l1 67.53355407714844
weighted/prior_loss_var_l2 0.0
weighted/loss_r_feature 56.528255462646484
weighted/loss_r_feature_first 2.531742572784424
unweighted/task_loss 2.704835891723633
unweighted/prior_loss_var_l1 0.900447428226471
unweighted/prior_loss_var_l2 2099.822265625
unweighted/loss_r_feature 565.2825317382812
unweighted/loss_r_feature_first 1.265871286392212
unweighted/inputs_norm 285.27581787109375
learning_Rate 0.19940297073517346
--------------------------------------------------
ITERATION: 88
weighted/total_loss 135.90396118164062
weighted/task_loss 5.752715110778809
weighted/prior_loss_var_l1 59.843753814697266
weighted/prior_loss_var_l2 0.0
weighted/loss_r_feature 68.24337005615234
weighted/loss_r_feature_first 2.064119815826416
unweighted/task_loss 11.505430221557617
unweighted/prior_loss_var_l1 0.7979167103767395
unweighted/prior_loss_var_l2 1928.084228515625
unweighted/loss_r_feature 682.4337158203125
unweighted/loss_r_feature_first 1.032059907913208
unweighted/inputs_norm 281.3360290527344
learning_Rate 0.199389181115858
--------------------------------------------------
ITERATION: 89
weighted/total_loss 127.72889709472656
weighted/task_loss 2.3782269954681396
weighted/prior_loss_var_l1 63.100669860839844
weighted/prior_loss_var_l2 0.0
weighted/loss_r_feature 60.09467697143555
weighted/loss_r_feature_first 2.15531587600708
unweighted/task_loss 4.756453990936279
unweighted/prior_loss_var_l1 0.8413422703742981
unweighted/prior_loss_var_l2 1986.8504638671875
unweighted/loss_r_feature 600.94677734375
unweighted/loss_r_feature_first 1.07765793800354
unweighted/inputs_norm 285.7581481933594
learning_Rate 0.19937523454745923
--------------------------------------------------
ITERATION: 90
weighted/total_loss 127.1802749633789
weighted/task_loss 2.595479726791382
weighted/prior_loss_var_l1 66.12348175048828
weighted/prior_loss_var_l2 0.0
weighted/loss_r_feature 56.225074768066406
weighted/loss_r_feature_first 2.236233711242676
unweighted/task_loss 5.190959453582764
unweighted/prior_loss_var_l1 0.8816463947296143
unweighted/prior_loss_var_l2 2152.24755859375
unweighted/loss_r_feature 562.250732421875
unweighted/loss_r_feature_first 1.118116855621338
unweighted/inputs_norm 285.6852722167969
learning_Rate 0.1993611310520008
Verifier InvImage mPrec: 0.2591 mRec: 0.6667 mAP: 0.4422 mF1: 0.3331 
Teacher InvImage mPrec: 0.2591 mRec: 0.6667 mAP: 0.4422 mF1: 0.3331 
--------------------------------------------------
ITERATION: 91
weighted/total_loss 133.45382690429688
weighted/task_loss 2.5114316940307617
weighted/prior_loss_var_l1 66.21098327636719
weighted/prior_loss_var_l2 0.0
weighted/loss_r_feature 62.218414306640625
weighted/loss_r_feature_first 2.5130038261413574
unweighted/task_loss 5.022863388061523
unweighted/prior_loss_var_l1 0.8828131556510925
unweighted/prior_loss_var_l2 2114.45458984375
unweighted/loss_r_feature 622.1841430664062
unweighted/loss_r_feature_first 1.2565019130706787
unweighted/inputs_norm 283.59124755859375
learning_Rate 0.199346870651754
--------------------------------------------------
ITERATION: 92
weighted/total_loss 122.3858413696289
weighted/task_loss 1.3427742719650269
weighted/prior_loss_var_l1 64.00301361083984
weighted/prior_loss_var_l2 0.0
weighted/loss_r_feature 54.858394622802734
weighted/loss_r_feature_first 2.1816658973693848
unweighted/task_loss 2.6855485439300537
unweighted/prior_loss_var_l1 0.8533735275268555
unweighted/prior_loss_var_l2 1976.74609375
unweighted/loss_r_feature 548.5839233398438
unweighted/loss_r_feature_first 1.0908329486846924
unweighted/inputs_norm 285.2027893066406
learning_Rate 0.19933245336923794
--------------------------------------------------
ITERATION: 93
weighted/total_loss 110.17315673828125
weighted/task_loss 3.041332483291626
weighted/prior_loss_var_l1 58.00986862182617
weighted/prior_loss_var_l2 0.0
weighted/loss_r_feature 46.90833282470703
weighted/loss_r_feature_first 2.2136220932006836
unweighted/task_loss 6.082664966583252
unweighted/prior_loss_var_l1 0.7734649181365967
unweighted/prior_loss_var_l2 1825.61083984375
unweighted/loss_r_feature 469.08331298828125
unweighted/loss_r_feature_first 1.1068110466003418
unweighted/inputs_norm 283.72882080078125
learning_Rate 0.1993178792272195
--------------------------------------------------
ITERATION: 94
weighted/total_loss 128.00050354003906
weighted/task_loss 2.191901206970215
weighted/prior_loss_var_l1 60.99455642700195
weighted/prior_loss_var_l2 0.0
weighted/loss_r_feature 62.78779220581055
weighted/loss_r_feature_first 2.026257038116455
unweighted/task_loss 4.38380241394043
unweighted/prior_loss_var_l1 0.8132607340812683
unweighted/prior_loss_var_l2 1947.304443359375
unweighted/loss_r_feature 627.8779296875
unweighted/loss_r_feature_first 1.0131285190582275
unweighted/inputs_norm 283.0808410644531
learning_Rate 0.1993031482487132
--------------------------------------------------
ITERATION: 95
weighted/total_loss 135.6393280029297
weighted/task_loss 1.5668869018554688
weighted/prior_loss_var_l1 70.93968963623047
weighted/prior_loss_var_l2 0.0
weighted/loss_r_feature 60.2569465637207
weighted/loss_r_feature_first 2.875802993774414
unweighted/task_loss 3.1337738037109375
unweighted/prior_loss_var_l1 0.9458625316619873
unweighted/prior_loss_var_l2 2237.34326171875
unweighted/loss_r_feature 602.5694580078125
unweighted/loss_r_feature_first 1.437901496887207
unweighted/inputs_norm 284.0761413574219
learning_Rate 0.1992882604569813
--------------------------------------------------
ITERATION: 96
weighted/total_loss 108.8528823852539
weighted/task_loss 1.4188016653060913
weighted/prior_loss_var_l1 58.413047790527344
weighted/prior_loss_var_l2 0.0
weighted/loss_r_feature 46.98142623901367
weighted/loss_r_feature_first 2.0396063327789307
unweighted/task_loss 2.8376033306121826
unweighted/prior_loss_var_l1 0.7788406610488892
unweighted/prior_loss_var_l2 1872.8529052734375
unweighted/loss_r_feature 469.81427001953125
unweighted/loss_r_feature_first 1.0198031663894653
unweighted/inputs_norm 282.23199462890625
learning_Rate 0.1992732158755337
--------------------------------------------------
ITERATION: 97
weighted/total_loss 115.07601928710938
weighted/task_loss 2.004560947418213
weighted/prior_loss_var_l1 57.789520263671875
weighted/prior_loss_var_l2 0.0
weighted/loss_r_feature 52.966548919677734
weighted/loss_r_feature_first 2.315380096435547
unweighted/task_loss 4.009121894836426
unweighted/prior_loss_var_l1 0.7705269455909729
unweighted/prior_loss_var_l2 1876.67236328125
unweighted/loss_r_feature 529.6654663085938
unweighted/loss_r_feature_first 1.1576900482177734
unweighted/inputs_norm 281.3153991699219
learning_Rate 0.19925801452812775
--------------------------------------------------
ITERATION: 98
weighted/total_loss 129.539794921875
weighted/task_loss 12.417922973632812
weighted/prior_loss_var_l1 60.838382720947266
weighted/prior_loss_var_l2 0.0
weighted/loss_r_feature 54.22687911987305
weighted/loss_r_feature_first 2.05660343170166
unweighted/task_loss 24.835845947265625
unweighted/prior_loss_var_l1 0.81117844581604
unweighted/prior_loss_var_l2 2011.060546875
unweighted/loss_r_feature 542.268798828125
unweighted/loss_r_feature_first 1.02830171585083
unweighted/inputs_norm 283.07421875
learning_Rate 0.19924265643876854
--------------------------------------------------
ITERATION: 99
weighted/total_loss 127.0262222290039
weighted/task_loss 7.00703239440918
weighted/prior_loss_var_l1 61.23984909057617
weighted/prior_loss_var_l2 0.0
weighted/loss_r_feature 56.101051330566406
weighted/loss_r_feature_first 2.678291082382202
unweighted/task_loss 14.01406478881836
unweighted/prior_loss_var_l1 0.8165313005447388
unweighted/prior_loss_var_l2 1928.441162109375
unweighted/loss_r_feature 561.010498046875
unweighted/loss_r_feature_first 1.339145541191101
unweighted/inputs_norm 282.8050231933594
learning_Rate 0.19922714163170852
--------------------------------------------------
ITERATION: 100
weighted/total_loss 126.38218688964844
weighted/task_loss 2.688542127609253
weighted/prior_loss_var_l1 65.94206237792969
weighted/prior_loss_var_l2 0.0
weighted/loss_r_feature 55.308773040771484
weighted/loss_r_feature_first 2.4428091049194336
unweighted/task_loss 5.377084255218506
unweighted/prior_loss_var_l1 0.8792274594306946
unweighted/prior_loss_var_l2 2130.1884765625
unweighted/loss_r_feature 553.0877075195312
unweighted/loss_r_feature_first 1.2214045524597168
unweighted/inputs_norm 285.0674133300781
learning_Rate 0.19921147013144772
Verifier InvImage mPrec: 0.2427 mRec: 0.6667 mAP: 0.3869 mF1: 0.3053 
Teacher InvImage mPrec: 0.2427 mRec: 0.6667 mAP: 0.3869 mF1: 0.3053 
--------------------------------------------------
ITERATION: 101
weighted/total_loss 125.50804138183594
weighted/task_loss 4.463525772094727
weighted/prior_loss_var_l1 64.14929962158203
weighted/prior_loss_var_l2 0.0
weighted/loss_r_feature 54.694190979003906
weighted/loss_r_feature_first 2.2010278701782227
unweighted/task_loss 8.927051544189453
unweighted/prior_loss_var_l1 0.8553240299224854
unweighted/prior_loss_var_l2 2059.976806640625
unweighted/loss_r_feature 546.94189453125
unweighted/loss_r_feature_first 1.1005139350891113
unweighted/inputs_norm 283.0860595703125
learning_Rate 0.19919564196273357
--------------------------------------------------
ITERATION: 102
weighted/total_loss 124.06368255615234
weighted/task_loss 1.3972240686416626
weighted/prior_loss_var_l1 64.98762512207031
weighted/prior_loss_var_l2 0.0
weighted/loss_r_feature 55.212646484375
weighted/loss_r_feature_first 2.4661896228790283
unweighted/task_loss 2.794448137283325
unweighted/prior_loss_var_l1 0.8665016293525696
unweighted/prior_loss_var_l2 2063.689697265625
unweighted/loss_r_feature 552.12646484375
unweighted/loss_r_feature_first 1.2330948114395142
unweighted/inputs_norm 283.8768310546875
learning_Rate 0.19917965715056093
--------------------------------------------------
ITERATION: 103
weighted/total_loss 114.30237579345703
weighted/task_loss 1.6087538003921509
weighted/prior_loss_var_l1 59.44851303100586
weighted/prior_loss_var_l2 0.0
weighted/loss_r_feature 51.3228645324707
weighted/loss_r_feature_first 1.922250747680664
unweighted/task_loss 3.2175076007843018
unweighted/prior_loss_var_l1 0.7926468253135681
unweighted/prior_loss_var_l2 1846.458740234375
unweighted/loss_r_feature 513.2286376953125
unweighted/loss_r_feature_first 0.961125373840332
unweighted/inputs_norm 281.8458557128906
learning_Rate 0.19916351572017196
--------------------------------------------------
ITERATION: 104
weighted/total_loss 128.36001586914062
weighted/task_loss 1.5552012920379639
weighted/prior_loss_var_l1 67.98918151855469
weighted/prior_loss_var_l2 0.0
weighted/loss_r_feature 56.248443603515625
weighted/loss_r_feature_first 2.5671894550323486
unweighted/task_loss 3.1104025840759277
unweighted/prior_loss_var_l1 0.9065224528312683
unweighted/prior_loss_var_l2 2160.1748046875
unweighted/loss_r_feature 562.4844360351562
unweighted/loss_r_feature_first 1.2835947275161743
unweighted/inputs_norm 284.57635498046875
learning_Rate 0.19914721769705623
--------------------------------------------------
ITERATION: 105
weighted/total_loss 99.28292083740234
weighted/task_loss 5.298642158508301
weighted/prior_loss_var_l1 49.248558044433594
weighted/prior_loss_var_l2 0.0
weighted/loss_r_feature 43.31181716918945
weighted/loss_r_feature_first 1.423901081085205
unweighted/task_loss 10.597284317016602
unweighted/prior_loss_var_l1 0.6566474437713623
unweighted/prior_loss_var_l2 1619.0146484375
unweighted/loss_r_feature 433.1181640625
unweighted/loss_r_feature_first 0.7119505405426025
unweighted/inputs_norm 282.4971618652344
learning_Rate 0.19913076310695055
--------------------------------------------------
ITERATION: 106
weighted/total_loss 112.01288604736328
weighted/task_loss 7.140318870544434
weighted/prior_loss_var_l1 54.63420486450195
weighted/prior_loss_var_l2 0.0
weighted/loss_r_feature 48.42945098876953
weighted/loss_r_feature_first 1.8089098930358887
unweighted/task_loss 14.280637741088867
unweighted/prior_loss_var_l1 0.7284560799598694
unweighted/prior_loss_var_l2 1828.5260009765625
unweighted/loss_r_feature 484.29449462890625
unweighted/loss_r_feature_first 0.9044549465179443
unweighted/inputs_norm 285.4483642578125
learning_Rate 0.19911415197583893
--------------------------------------------------
ITERATION: 107
weighted/total_loss 120.37788391113281
weighted/task_loss 6.665331840515137
weighted/prior_loss_var_l1 58.58402633666992
weighted/prior_loss_var_l2 0.0
weighted/loss_r_feature 53.321075439453125
weighted/loss_r_feature_first 1.807452917098999
unweighted/task_loss 13.330663681030273
unweighted/prior_loss_var_l1 0.7811203598976135
unweighted/prior_loss_var_l2 1893.5421142578125
unweighted/loss_r_feature 533.2107543945312
unweighted/loss_r_feature_first 0.9037264585494995
unweighted/inputs_norm 285.8876647949219
learning_Rate 0.19909738432995258
--------------------------------------------------
ITERATION: 108
weighted/total_loss 169.99688720703125
weighted/task_loss 3.341972827911377
weighted/prior_loss_var_l1 73.34037780761719
weighted/prior_loss_var_l2 0.0
weighted/loss_r_feature 90.64028930664062
weighted/loss_r_feature_first 2.6742539405822754
unweighted/task_loss 6.683945655822754
unweighted/prior_loss_var_l1 0.9778717160224915
unweighted/prior_loss_var_l2 2302.244140625
unweighted/loss_r_feature 906.4028930664062
unweighted/loss_r_feature_first 1.3371269702911377
unweighted/inputs_norm 286.1640319824219
learning_Rate 0.19908046019576997
--------------------------------------------------
ITERATION: 109
weighted/total_loss 145.91957092285156
weighted/task_loss 1.4337809085845947
weighted/prior_loss_var_l1 70.3321304321289
weighted/prior_loss_var_l2 0.0
weighted/loss_r_feature 71.48512268066406
weighted/loss_r_feature_first 2.6685304641723633
unweighted/task_loss 2.8675618171691895
unweighted/prior_loss_var_l1 0.9377617835998535
unweighted/prior_loss_var_l2 2238.0224609375
unweighted/loss_r_feature 714.8511962890625
unweighted/loss_r_feature_first 1.3342652320861816
unweighted/inputs_norm 284.8997802734375
learning_Rate 0.1990633796000166
--------------------------------------------------
ITERATION: 110
weighted/total_loss 136.76271057128906
weighted/task_loss 1.3373602628707886
weighted/prior_loss_var_l1 70.85238647460938
weighted/prior_loss_var_l2 0.0
weighted/loss_r_feature 61.74007797241211
weighted/loss_r_feature_first 2.832883596420288
unweighted/task_loss 2.674720525741577
unweighted/prior_loss_var_l1 0.9446984529495239
unweighted/prior_loss_var_l2 2189.291748046875
unweighted/loss_r_feature 617.4007568359375
unweighted/loss_r_feature_first 1.416441798210144
unweighted/inputs_norm 283.8268127441406
learning_Rate 0.19904614256966502
--------------------------------------------------
ITERATION: 111
weighted/total_loss 118.92290496826172
weighted/task_loss 1.3261481523513794
weighted/prior_loss_var_l1 62.160369873046875
weighted/prior_loss_var_l2 0.0
weighted/loss_r_feature 53.48453903198242
weighted/loss_r_feature_first 1.9518537521362305
unweighted/task_loss 2.652296304702759
unweighted/prior_loss_var_l1 0.8288049101829529
unweighted/prior_loss_var_l2 1964.99462890625
unweighted/loss_r_feature 534.8453979492188
unweighted/loss_r_feature_first 0.9759268760681152
unweighted/inputs_norm 282.6939697265625
learning_Rate 0.1990287491319349
--------------------------------------------------
ITERATION: 112
weighted/total_loss 135.2059326171875
weighted/task_loss 9.277297019958496
weighted/prior_loss_var_l1 59.457061767578125
weighted/prior_loss_var_l2 0.0
weighted/loss_r_feature 63.98298263549805
weighted/loss_r_feature_first 2.4885809421539307
unweighted/task_loss 18.554594039916992
unweighted/prior_loss_var_l1 0.7927608489990234
unweighted/prior_loss_var_l2 1930.370361328125
unweighted/loss_r_feature 639.829833984375
unweighted/loss_r_feature_first 1.2442904710769653
unweighted/inputs_norm 281.5146484375
learning_Rate 0.19901119931429287
--------------------------------------------------
ITERATION: 113
weighted/total_loss 125.68051147460938
weighted/task_loss 5.4444146156311035
weighted/prior_loss_var_l1 61.39300537109375
weighted/prior_loss_var_l2 0.0
weighted/loss_r_feature 56.7432746887207
weighted/loss_r_feature_first 2.0998222827911377
unweighted/task_loss 10.888829231262207
unweighted/prior_loss_var_l1 0.8185734152793884
unweighted/prior_loss_var_l2 1961.63134765625
unweighted/loss_r_feature 567.4327392578125
unweighted/loss_r_feature_first 1.0499111413955688
unweighted/inputs_norm 284.3022155761719
learning_Rate 0.19899349314445242
--------------------------------------------------
ITERATION: 114
weighted/total_loss 137.27247619628906
weighted/task_loss 2.338639497756958
weighted/prior_loss_var_l1 71.99490356445312
weighted/prior_loss_var_l2 0.0
weighted/loss_r_feature 60.37221145629883
weighted/loss_r_feature_first 2.5667319297790527
unweighted/task_loss 4.677278995513916
unweighted/prior_loss_var_l1 0.9599320292472839
unweighted/prior_loss_var_l2 2274.2666015625
unweighted/loss_r_feature 603.7221069335938
unweighted/loss_r_feature_first 1.2833659648895264
unweighted/inputs_norm 284.0466613769531
learning_Rate 0.19897563065037405
--------------------------------------------------
ITERATION: 115
weighted/total_loss 116.44322967529297
weighted/task_loss 1.2857235670089722
weighted/prior_loss_var_l1 60.05588150024414
weighted/prior_loss_var_l2 0.0
weighted/loss_r_feature 53.13112258911133
weighted/loss_r_feature_first 1.970494270324707
unweighted/task_loss 2.5714471340179443
unweighted/prior_loss_var_l1 0.8007450699806213
unweighted/prior_loss_var_l2 1871.828857421875
unweighted/loss_r_feature 531.3112182617188
unweighted/loss_r_feature_first 0.9852471351623535
unweighted/inputs_norm 281.5494689941406
learning_Rate 0.19895761186026503
--------------------------------------------------
ITERATION: 116
weighted/total_loss 141.24102783203125
weighted/task_loss 8.762543678283691
weighted/prior_loss_var_l1 64.61103057861328
weighted/prior_loss_var_l2 0.0
weighted/loss_r_feature 65.57967376708984
weighted/loss_r_feature_first 2.287778854370117
unweighted/task_loss 17.525087356567383
unweighted/prior_loss_var_l1 0.8614804148674011
unweighted/prior_loss_var_l2 2083.111328125
unweighted/loss_r_feature 655.7967529296875
unweighted/loss_r_feature_first 1.1438894271850586
unweighted/inputs_norm 283.6051940917969
learning_Rate 0.19893943680257958
--------------------------------------------------
ITERATION: 117
weighted/total_loss 129.54177856445312
weighted/task_loss 1.9552479982376099
weighted/prior_loss_var_l1 59.32244873046875
weighted/prior_loss_var_l2 0.0
weighted/loss_r_feature 66.4989242553711
weighted/loss_r_feature_first 1.7651445865631104
unweighted/task_loss 3.9104959964752197
unweighted/prior_loss_var_l1 0.7909659743309021
unweighted/prior_loss_var_l2 1886.5360107421875
unweighted/loss_r_feature 664.9892578125
unweighted/loss_r_feature_first 0.8825722932815552
unweighted/inputs_norm 282.7641906738281
learning_Rate 0.19892110550601852
--------------------------------------------------
ITERATION: 118
weighted/total_loss 123.48465728759766
weighted/task_loss 1.383628249168396
weighted/prior_loss_var_l1 63.583988189697266
weighted/prior_loss_var_l2 0.0
weighted/loss_r_feature 56.05363845825195
weighted/loss_r_feature_first 2.4634053707122803
unweighted/task_loss 2.767256498336792
unweighted/prior_loss_var_l1 0.8477864861488342
unweighted/prior_loss_var_l2 2025.9697265625
unweighted/loss_r_feature 560.536376953125
unweighted/loss_r_feature_first 1.2317026853561401
unweighted/inputs_norm 284.6618957519531
learning_Rate 0.1989026179995295
--------------------------------------------------
ITERATION: 119
weighted/total_loss 116.68795776367188
weighted/task_loss 2.7332937717437744
weighted/prior_loss_var_l1 62.01588821411133
weighted/prior_loss_var_l2 0.0
weighted/loss_r_feature 49.60403060913086
weighted/loss_r_feature_first 2.334749460220337
unweighted/task_loss 5.466587543487549
unweighted/prior_loss_var_l1 0.8268784880638123
unweighted/prior_loss_var_l2 2004.469970703125
unweighted/loss_r_feature 496.040283203125
unweighted/loss_r_feature_first 1.1673747301101685
unweighted/inputs_norm 281.7531433105469
learning_Rate 0.1988839743123068
--------------------------------------------------
ITERATION: 120
weighted/total_loss 114.15072631835938
weighted/task_loss 1.4393539428710938
weighted/prior_loss_var_l1 61.19972229003906
weighted/prior_loss_var_l2 0.0
weighted/loss_r_feature 49.34237289428711
weighted/loss_r_feature_first 2.169279098510742
unweighted/task_loss 2.8787078857421875
unweighted/prior_loss_var_l1 0.8159962892532349
unweighted/prior_loss_var_l2 1941.23291015625
unweighted/loss_r_feature 493.4237060546875
unweighted/loss_r_feature_first 1.084639549255371
unweighted/inputs_norm 281.24072265625
learning_Rate 0.19886517447379137
--------------------------------------------------
ITERATION: 121
weighted/total_loss 116.99092102050781
weighted/task_loss 1.4795677661895752
weighted/prior_loss_var_l1 60.803138732910156
weighted/prior_loss_var_l2 0.0
weighted/loss_r_feature 52.75404739379883
weighted/loss_r_feature_first 1.9541587829589844
unweighted/task_loss 2.9591355323791504
unweighted/prior_loss_var_l1 0.8107085227966309
unweighted/prior_loss_var_l2 1933.333251953125
unweighted/loss_r_feature 527.5404663085938
unweighted/loss_r_feature_first 0.9770793914794922
unweighted/inputs_norm 282.2105712890625
learning_Rate 0.1988462185136707
--------------------------------------------------
ITERATION: 122
weighted/total_loss 145.8995361328125
weighted/task_loss 2.1122002601623535
weighted/prior_loss_var_l1 63.32881546020508
weighted/prior_loss_var_l2 0.0
weighted/loss_r_feature 78.35155487060547
weighted/loss_r_feature_first 2.106959342956543
unweighted/task_loss 4.224400520324707
unweighted/prior_loss_var_l1 0.8443841934204102
unweighted/prior_loss_var_l2 2028.233154296875
unweighted/loss_r_feature 783.5155029296875
unweighted/loss_r_feature_first 1.0534796714782715
unweighted/inputs_norm 282.08984375
learning_Rate 0.19882710646187884
--------------------------------------------------
ITERATION: 123
weighted/total_loss 125.2857666015625
weighted/task_loss 3.134744882583618
weighted/prior_loss_var_l1 60.441741943359375
weighted/prior_loss_var_l2 0.0
weighted/loss_r_feature 59.80733108520508
weighted/loss_r_feature_first 1.9019441604614258
unweighted/task_loss 6.269489765167236
unweighted/prior_loss_var_l1 0.805889904499054
unweighted/prior_loss_var_l2 1946.92822265625
unweighted/loss_r_feature 598.0733032226562
unweighted/loss_r_feature_first 0.9509720802307129
unweighted/inputs_norm 284.73797607421875
learning_Rate 0.19880783834859633
--------------------------------------------------
ITERATION: 124
weighted/total_loss 134.8431854248047
weighted/task_loss 1.3831992149353027
weighted/prior_loss_var_l1 67.70843505859375
weighted/prior_loss_var_l2 0.0
weighted/loss_r_feature 63.46622848510742
weighted/loss_r_feature_first 2.2853293418884277
unweighted/task_loss 2.7663984298706055
unweighted/prior_loss_var_l1 0.9027791619300842
unweighted/prior_loss_var_l2 2149.0625
unweighted/loss_r_feature 634.6622924804688
unweighted/loss_r_feature_first 1.1426646709442139
unweighted/inputs_norm 285.1487121582031
learning_Rate 0.19878841420425017
--------------------------------------------------
ITERATION: 125
weighted/total_loss 112.7578125
weighted/task_loss 0.9511829018592834
weighted/prior_loss_var_l1 58.9980583190918
weighted/prior_loss_var_l2 0.0
weighted/loss_r_feature 51.06238555908203
weighted/loss_r_feature_first 1.7461820840835571
unweighted/task_loss 1.902365803718567
unweighted/prior_loss_var_l1 0.7866407632827759
unweighted/prior_loss_var_l2 1822.7091064453125
unweighted/loss_r_feature 510.62384033203125
unweighted/loss_r_feature_first 0.8730910420417786
unweighted/inputs_norm 282.96087646484375
learning_Rate 0.19876883405951373
--------------------------------------------------
ITERATION: 126
weighted/total_loss 109.76083374023438
weighted/task_loss 1.2071409225463867
weighted/prior_loss_var_l1 58.15694046020508
weighted/prior_loss_var_l2 0.0
weighted/loss_r_feature 48.51519775390625
weighted/loss_r_feature_first 1.8815557956695557
unweighted/task_loss 2.4142818450927734
unweighted/prior_loss_var_l1 0.7754258513450623
unweighted/prior_loss_var_l2 1837.234375
unweighted/loss_r_feature 485.1519775390625
unweighted/loss_r_feature_first 0.9407778978347778
unweighted/inputs_norm 283.8619079589844
learning_Rate 0.1987490979453067
--------------------------------------------------
ITERATION: 127
weighted/total_loss 118.64051818847656
weighted/task_loss 1.0465445518493652
weighted/prior_loss_var_l1 63.54838943481445
weighted/prior_loss_var_l2 0.0
weighted/loss_r_feature 51.956520080566406
weighted/loss_r_feature_first 2.089066982269287
unweighted/task_loss 2.0930891036987305
unweighted/prior_loss_var_l1 0.8473118543624878
unweighted/prior_loss_var_l2 1970.4686279296875
unweighted/loss_r_feature 519.565185546875
unweighted/loss_r_feature_first 1.0445334911346436
unweighted/inputs_norm 282.7483825683594
learning_Rate 0.19872920589279514
--------------------------------------------------
ITERATION: 128
weighted/total_loss 118.57914733886719
weighted/task_loss 1.2354934215545654
weighted/prior_loss_var_l1 58.60525131225586
weighted/prior_loss_var_l2 0.0
weighted/loss_r_feature 56.56966781616211
weighted/loss_r_feature_first 2.1687355041503906
unweighted/task_loss 2.470986843109131
unweighted/prior_loss_var_l1 0.7814033627510071
unweighted/prior_loss_var_l2 1851.4476318359375
unweighted/loss_r_feature 565.6966552734375
unweighted/loss_r_feature_first 1.0843677520751953
unweighted/inputs_norm 282.6446838378906
learning_Rate 0.19870915793339128
--------------------------------------------------
ITERATION: 129
weighted/total_loss 120.9185562133789
weighted/task_loss 0.8645888566970825
weighted/prior_loss_var_l1 63.80046463012695
weighted/prior_loss_var_l2 0.0
weighted/loss_r_feature 53.775367736816406
weighted/loss_r_feature_first 2.4781341552734375
unweighted/task_loss 1.729177713394165
unweighted/prior_loss_var_l1 0.8506728410720825
unweighted/prior_loss_var_l2 2021.205322265625
unweighted/loss_r_feature 537.753662109375
unweighted/loss_r_feature_first 1.2390670776367188
unweighted/inputs_norm 285.367431640625
learning_Rate 0.19868895409875362
--------------------------------------------------
ITERATION: 130
weighted/total_loss 111.83984375
weighted/task_loss 4.7901997566223145
weighted/prior_loss_var_l1 57.64226150512695
weighted/prior_loss_var_l2 0.0
weighted/loss_r_feature 47.360286712646484
weighted/loss_r_feature_first 2.0470924377441406
unweighted/task_loss 9.580399513244629
unweighted/prior_loss_var_l1 0.7685635089874268
unweighted/prior_loss_var_l2 1818.517333984375
unweighted/loss_r_feature 473.6028747558594
unweighted/loss_r_feature_first 1.0235462188720703
unweighted/inputs_norm 284.55401611328125
learning_Rate 0.19866859442078674
--------------------------------------------------
ITERATION: 131
weighted/total_loss 138.50698852539062
weighted/task_loss 11.282177925109863
weighted/prior_loss_var_l1 63.81227111816406
weighted/prior_loss_var_l2 0.0
weighted/loss_r_feature 60.75971221923828
weighted/loss_r_feature_first 2.652837038040161
unweighted/task_loss 22.564355850219727
unweighted/prior_loss_var_l1 0.8508302569389343
unweighted/prior_loss_var_l2 2023.4669189453125
unweighted/loss_r_feature 607.5971069335938
unweighted/loss_r_feature_first 1.3264185190200806
unweighted/inputs_norm 284.5541687011719
learning_Rate 0.19864807893164138
--------------------------------------------------
ITERATION: 132
weighted/total_loss 127.16061401367188
weighted/task_loss 1.529758095741272
weighted/prior_loss_var_l1 67.47830963134766
weighted/prior_loss_var_l2 0.0
weighted/loss_r_feature 55.78310012817383
weighted/loss_r_feature_first 2.36944580078125
unweighted/task_loss 3.059516191482544
unweighted/prior_loss_var_l1 0.8997107744216919
unweighted/prior_loss_var_l2 2127.70556640625
unweighted/loss_r_feature 557.8309936523438
unweighted/loss_r_feature_first 1.184722900390625
unweighted/inputs_norm 286.640625
learning_Rate 0.19862740766371428
--------------------------------------------------
ITERATION: 133
weighted/total_loss 112.88282012939453
weighted/task_loss 1.1876544952392578
weighted/prior_loss_var_l1 60.99721145629883
weighted/prior_loss_var_l2 0.0
weighted/loss_r_feature 48.715965270996094
weighted/loss_r_feature_first 1.9819889068603516
unweighted/task_loss 2.3753089904785156
unweighted/prior_loss_var_l1 0.8132961392402649
unweighted/prior_loss_var_l2 1912.71044921875
unweighted/loss_r_feature 487.1596374511719
unweighted/loss_r_feature_first 0.9909944534301758
unweighted/inputs_norm 284.0361022949219
learning_Rate 0.1986065806496482
--------------------------------------------------
ITERATION: 134
weighted/total_loss 106.26805877685547
weighted/task_loss 7.535661220550537
weighted/prior_loss_var_l1 50.4954833984375
weighted/prior_loss_var_l2 0.0
weighted/loss_r_feature 46.782630920410156
weighted/loss_r_feature_first 1.4542876482009888
unweighted/task_loss 15.071322441101074
unweighted/prior_loss_var_l1 0.6732730865478516
unweighted/prior_loss_var_l2 1662.329833984375
unweighted/loss_r_feature 467.8262939453125
unweighted/loss_r_feature_first 0.7271438241004944
unweighted/inputs_norm 283.5130615234375
learning_Rate 0.19858559792233182
--------------------------------------------------
ITERATION: 135
weighted/total_loss 128.45401000976562
weighted/task_loss 1.882171630859375
weighted/prior_loss_var_l1 67.93817138671875
weighted/prior_loss_var_l2 0.0
weighted/loss_r_feature 56.00516891479492
weighted/loss_r_feature_first 2.6284894943237305
unweighted/task_loss 3.76434326171875
unweighted/prior_loss_var_l1 0.9058422446250916
unweighted/prior_loss_var_l2 2148.39111328125
unweighted/loss_r_feature 560.0516967773438
unweighted/loss_r_feature_first 1.3142447471618652
unweighted/inputs_norm 286.6527099609375
learning_Rate 0.19856445951489973
--------------------------------------------------
ITERATION: 136
weighted/total_loss 94.99922943115234
weighted/task_loss 1.509020209312439
weighted/prior_loss_var_l1 49.88284683227539
weighted/prior_loss_var_l2 0.0
weighted/loss_r_feature 41.87574005126953
weighted/loss_r_feature_first 1.7316244840621948
unweighted/task_loss 3.018040418624878
unweighted/prior_loss_var_l1 0.6651046276092529
unweighted/prior_loss_var_l2 1669.81201171875
unweighted/loss_r_feature 418.75738525390625
unweighted/loss_r_feature_first 0.8658122420310974
unweighted/inputs_norm 285.0318298339844
learning_Rate 0.19854316546073242
--------------------------------------------------
ITERATION: 137
weighted/total_loss 112.19135284423828
weighted/task_loss 4.322301864624023
weighted/prior_loss_var_l1 57.89608383178711
weighted/prior_loss_var_l2 0.0
weighted/loss_r_feature 47.815547943115234
weighted/loss_r_feature_first 2.157414436340332
unweighted/task_loss 8.644603729248047
unweighted/prior_loss_var_l1 0.7719478011131287
unweighted/prior_loss_var_l2 1872.48876953125
unweighted/loss_r_feature 478.1554870605469
unweighted/loss_r_feature_first 1.078707218170166
unweighted/inputs_norm 284.41778564453125
learning_Rate 0.19852171579345607
--------------------------------------------------
ITERATION: 138
weighted/total_loss 111.5860595703125
weighted/task_loss 1.2088779211044312
weighted/prior_loss_var_l1 58.509403228759766
weighted/prior_loss_var_l2 0.0
weighted/loss_r_feature 50.098480224609375
weighted/loss_r_feature_first 1.7692991495132446
unweighted/task_loss 2.4177558422088623
unweighted/prior_loss_var_l1 0.7801253795623779
unweighted/prior_loss_var_l2 1878.52880859375
unweighted/loss_r_feature 500.98480224609375
unweighted/loss_r_feature_first 0.8846495747566223
unweighted/inputs_norm 285.5336608886719
learning_Rate 0.19850011054694258
--------------------------------------------------
ITERATION: 139
weighted/total_loss 136.86550903320312
weighted/task_loss 3.39162540435791
weighted/prior_loss_var_l1 64.56473541259766
weighted/prior_loss_var_l2 0.0
weighted/loss_r_feature 66.30035400390625
weighted/loss_r_feature_first 2.6088006496429443
unweighted/task_loss 6.78325080871582
unweighted/prior_loss_var_l1 0.8608630895614624
unweighted/prior_loss_var_l2 2080.990478515625
unweighted/loss_r_feature 663.0035400390625
unweighted/loss_r_feature_first 1.3044003248214722
unweighted/inputs_norm 283.91192626953125
learning_Rate 0.19847834975530965
--------------------------------------------------
ITERATION: 140
weighted/total_loss 125.65203094482422
weighted/task_loss 1.4426889419555664
weighted/prior_loss_var_l1 63.38583755493164
weighted/prior_loss_var_l2 0.0
weighted/loss_r_feature 58.601531982421875
weighted/loss_r_feature_first 2.221970319747925
unweighted/task_loss 2.885377883911133
unweighted/prior_loss_var_l1 0.845144510269165
unweighted/prior_loss_var_l2 2063.227783203125
unweighted/loss_r_feature 586.0153198242188
unweighted/loss_r_feature_first 1.1109851598739624
unweighted/inputs_norm 286.78594970703125
learning_Rate 0.19845643345292052
--------------------------------------------------
ITERATION: 141
weighted/total_loss 113.64240264892578
weighted/task_loss 0.8297446966171265
weighted/prior_loss_var_l1 61.1269416809082
weighted/prior_loss_var_l2 0.0
weighted/loss_r_feature 49.77224349975586
weighted/loss_r_feature_first 1.9134716987609863
unweighted/task_loss 1.659489393234253
unweighted/prior_loss_var_l1 0.8150258660316467
unweighted/prior_loss_var_l2 1926.22509765625
unweighted/loss_r_feature 497.7224426269531
unweighted/loss_r_feature_first 0.9567358493804932
unweighted/inputs_norm 285.68206787109375
learning_Rate 0.198434361674384
--------------------------------------------------
ITERATION: 142
weighted/total_loss 102.80640411376953
weighted/task_loss 0.809476375579834
weighted/prior_loss_var_l1 54.93275451660156
weighted/prior_loss_var_l2 0.0
weighted/loss_r_feature 45.42564392089844
weighted/loss_r_feature_first 1.6385246515274048
unweighted/task_loss 1.618952751159668
unweighted/prior_loss_var_l1 0.7324367165565491
unweighted/prior_loss_var_l2 1776.168212890625
unweighted/loss_r_feature 454.2564392089844
unweighted/loss_r_feature_first 0.8192623257637024
unweighted/inputs_norm 283.7715759277344
learning_Rate 0.19841213445455447
--------------------------------------------------
ITERATION: 143
weighted/total_loss 114.08848571777344
weighted/task_loss 7.225508689880371
weighted/prior_loss_var_l1 57.16999435424805
weighted/prior_loss_var_l2 0.0
weighted/loss_r_feature 47.913177490234375
weighted/loss_r_feature_first 1.779806137084961
unweighted/task_loss 14.451017379760742
unweighted/prior_loss_var_l1 0.7622665762901306
unweighted/prior_loss_var_l2 1824.70849609375
unweighted/loss_r_feature 479.13177490234375
unweighted/loss_r_feature_first 0.8899030685424805
unweighted/inputs_norm 284.75054931640625
learning_Rate 0.19838975182853177
--------------------------------------------------
ITERATION: 144
weighted/total_loss 113.03834533691406
weighted/task_loss 3.1060738563537598
weighted/prior_loss_var_l1 58.71027374267578
weighted/prior_loss_var_l2 0.0
weighted/loss_r_feature 49.141258239746094
weighted/loss_r_feature_first 2.0807323455810547
unweighted/task_loss 6.2121477127075195
unweighted/prior_loss_var_l1 0.7828036546707153
unweighted/prior_loss_var_l2 1930.0831298828125
unweighted/loss_r_feature 491.4125671386719
unweighted/loss_r_feature_first 1.0403661727905273
unweighted/inputs_norm 286.5672912597656
learning_Rate 0.19836721383166106
--------------------------------------------------
ITERATION: 145
weighted/total_loss 164.07177734375
weighted/task_loss 2.303020477294922
weighted/prior_loss_var_l1 72.70365142822266
weighted/prior_loss_var_l2 0.0
weighted/loss_r_feature 86.5056381225586
weighted/loss_r_feature_first 2.559478282928467
unweighted/task_loss 4.606040954589844
unweighted/prior_loss_var_l1 0.9693819880485535
unweighted/prior_loss_var_l2 2278.97900390625
unweighted/loss_r_feature 865.056396484375
unweighted/loss_r_feature_first 1.2797391414642334
unweighted/inputs_norm 286.2792053222656
learning_Rate 0.19834452049953294
--------------------------------------------------
ITERATION: 146
weighted/total_loss 133.50027465820312
weighted/task_loss 6.230499267578125
weighted/prior_loss_var_l1 63.816802978515625
weighted/prior_loss_var_l2 0.0
weighted/loss_r_feature 61.3826789855957
weighted/loss_r_feature_first 2.0703046321868896
unweighted/task_loss 12.46099853515625
unweighted/prior_loss_var_l1 0.8508906960487366
unweighted/prior_loss_var_l2 1996.343017578125
unweighted/loss_r_feature 613.8267822265625
unweighted/loss_r_feature_first 1.0351523160934448
unweighted/inputs_norm 286.6567687988281
learning_Rate 0.19832167186798327
--------------------------------------------------
ITERATION: 147
weighted/total_loss 119.99478912353516
weighted/task_loss 5.041110515594482
weighted/prior_loss_var_l1 60.05372619628906
weighted/prior_loss_var_l2 0.0
weighted/loss_r_feature 52.84489059448242
weighted/loss_r_feature_first 2.055063009262085
unweighted/task_loss 10.082221031188965
unweighted/prior_loss_var_l1 0.8007163405418396
unweighted/prior_loss_var_l2 1957.357666015625
unweighted/loss_r_feature 528.4489135742188
unweighted/loss_r_feature_first 1.0275315046310425
unweighted/inputs_norm 286.901611328125
learning_Rate 0.1982986679730932
--------------------------------------------------
ITERATION: 148
weighted/total_loss 114.41796112060547
weighted/task_loss 1.6554337739944458
weighted/prior_loss_var_l1 60.740238189697266
weighted/prior_loss_var_l2 0.0
weighted/loss_r_feature 50.17185592651367
weighted/loss_r_feature_first 1.8504341840744019
unweighted/task_loss 3.3108675479888916
unweighted/prior_loss_var_l1 0.8098698258399963
unweighted/prior_loss_var_l2 1947.52880859375
unweighted/loss_r_feature 501.71856689453125
unweighted/loss_r_feature_first 0.9252170920372009
unweighted/inputs_norm 285.9083251953125
learning_Rate 0.19827550885118897
--------------------------------------------------
ITERATION: 149
weighted/total_loss 109.60456085205078
weighted/task_loss 1.9917726516723633
weighted/prior_loss_var_l1 57.05253219604492
weighted/prior_loss_var_l2 0.0
weighted/loss_r_feature 48.790225982666016
weighted/loss_r_feature_first 1.7700306177139282
unweighted/task_loss 3.9835453033447266
unweighted/prior_loss_var_l1 0.7607004046440125
unweighted/prior_loss_var_l2 1879.876220703125
unweighted/loss_r_feature 487.9022521972656
unweighted/loss_r_feature_first 0.8850153088569641
unweighted/inputs_norm 283.7763977050781
learning_Rate 0.19825219453884202
--------------------------------------------------
ITERATION: 150
weighted/total_loss 112.76030731201172
weighted/task_loss 4.988405704498291
weighted/prior_loss_var_l1 56.85749435424805
weighted/prior_loss_var_l2 0.0
weighted/loss_r_feature 48.910888671875
weighted/loss_r_feature_first 2.0035207271575928
unweighted/task_loss 9.976811408996582
unweighted/prior_loss_var_l1 0.7580999135971069
unweighted/prior_loss_var_l2 1875.83984375
unweighted/loss_r_feature 489.10888671875
unweighted/loss_r_feature_first 1.0017603635787964
unweighted/inputs_norm 285.8867492675781
learning_Rate 0.19822872507286884
--------------------------------------------------
ITERATION: 151
weighted/total_loss 126.44709014892578
weighted/task_loss 1.2711821794509888
weighted/prior_loss_var_l1 67.27725982666016
weighted/prior_loss_var_l2 0.0
weighted/loss_r_feature 55.530067443847656
weighted/loss_r_feature_first 2.3685808181762695
unweighted/task_loss 2.5423643589019775
unweighted/prior_loss_var_l1 0.8970301151275635
unweighted/prior_loss_var_l2 2121.599853515625
unweighted/loss_r_feature 555.3006591796875
unweighted/loss_r_feature_first 1.1842904090881348
unweighted/inputs_norm 286.1133117675781
learning_Rate 0.19820510049033088
--------------------------------------------------
ITERATION: 152
weighted/total_loss 111.13980102539062
weighted/task_loss 1.0403401851654053
weighted/prior_loss_var_l1 56.57761001586914
weighted/prior_loss_var_l2 0.0
weighted/loss_r_feature 51.59768295288086
weighted/loss_r_feature_first 1.9241650104522705
unweighted/task_loss 2.0806803703308105
unweighted/prior_loss_var_l1 0.7543681263923645
unweighted/prior_loss_var_l2 1837.5640869140625
unweighted/loss_r_feature 515.976806640625
unweighted/loss_r_feature_first 0.9620825052261353
unweighted/inputs_norm 283.33489990234375
learning_Rate 0.19818132082853465
--------------------------------------------------
ITERATION: 153
weighted/total_loss 113.36417388916016
weighted/task_loss 1.1972755193710327
weighted/prior_loss_var_l1 58.69984817504883
weighted/prior_loss_var_l2 0.0
weighted/loss_r_feature 51.64433670043945
weighted/loss_r_feature_first 1.8227128982543945
unweighted/task_loss 2.3945510387420654
unweighted/prior_loss_var_l1 0.7826646566390991
unweighted/prior_loss_var_l2 1880.141357421875
unweighted/loss_r_feature 516.443359375
unweighted/loss_r_feature_first 0.9113564491271973
unweighted/inputs_norm 285.2035217285156
learning_Rate 0.19815738612503142
--------------------------------------------------
ITERATION: 154
weighted/total_loss 119.12210845947266
weighted/task_loss 0.6143205165863037
weighted/prior_loss_var_l1 64.56237030029297
weighted/prior_loss_var_l2 0.0
weighted/loss_r_feature 51.04206466674805
weighted/loss_r_feature_first 2.9033560752868652
unweighted/task_loss 1.2286410331726074
unweighted/prior_loss_var_l1 0.860831618309021
unweighted/prior_loss_var_l2 2016.136474609375
unweighted/loss_r_feature 510.420654296875
unweighted/loss_r_feature_first 1.4516780376434326
unweighted/inputs_norm 283.82257080078125
learning_Rate 0.19813329641761737
--------------------------------------------------
ITERATION: 155
weighted/total_loss 96.4406509399414
weighted/task_loss 1.1242719888687134
weighted/prior_loss_var_l1 49.31023406982422
weighted/prior_loss_var_l2 0.0
weighted/loss_r_feature 44.620914459228516
weighted/loss_r_feature_first 1.3852320909500122
unweighted/task_loss 2.2485439777374268
unweighted/prior_loss_var_l1 0.6574698090553284
unweighted/prior_loss_var_l2 1587.24072265625
unweighted/loss_r_feature 446.2091369628906
unweighted/loss_r_feature_first 0.6926160454750061
unweighted/inputs_norm 282.61126708984375
learning_Rate 0.19810905174433338
--------------------------------------------------
ITERATION: 156
weighted/total_loss 122.6062240600586
weighted/task_loss 9.115364074707031
weighted/prior_loss_var_l1 61.329132080078125
weighted/prior_loss_var_l2 0.0
weighted/loss_r_feature 50.000343322753906
weighted/loss_r_feature_first 2.1613874435424805
unweighted/task_loss 18.230728149414062
unweighted/prior_loss_var_l1 0.8177217841148376
unweighted/prior_loss_var_l2 1964.8404541015625
unweighted/loss_r_feature 500.00341796875
unweighted/loss_r_feature_first 1.0806937217712402
unweighted/inputs_norm 285.3334655761719
learning_Rate 0.1980846521434652
--------------------------------------------------
ITERATION: 157
weighted/total_loss 118.18531799316406
weighted/task_loss 8.286796569824219
weighted/prior_loss_var_l1 58.23484420776367
weighted/prior_loss_var_l2 0.0
weighted/loss_r_feature 49.26729202270508
weighted/loss_r_feature_first 2.3963966369628906
unweighted/task_loss 16.573593139648438
unweighted/prior_loss_var_l1 0.776464581489563
unweighted/prior_loss_var_l2 1928.044921875
unweighted/loss_r_feature 492.67291259765625
unweighted/loss_r_feature_first 1.1981983184814453
unweighted/inputs_norm 284.4614562988281
learning_Rate 0.19806009765354307
--------------------------------------------------
ITERATION: 158
weighted/total_loss 120.97605895996094
weighted/task_loss 0.9743545055389404
weighted/prior_loss_var_l1 63.0023193359375
weighted/prior_loss_var_l2 0.0
weighted/loss_r_feature 54.28608322143555
weighted/loss_r_feature_first 2.7133049964904785
unweighted/task_loss 1.9487090110778809
unweighted/prior_loss_var_l1 0.8400309085845947
unweighted/prior_loss_var_l2 2066.127685546875
unweighted/loss_r_feature 542.86083984375
unweighted/loss_r_feature_first 1.3566524982452393
unweighted/inputs_norm 286.532958984375
learning_Rate 0.19803538831334194
--------------------------------------------------
ITERATION: 159
weighted/total_loss 111.95100402832031
weighted/task_loss 1.1637552976608276
weighted/prior_loss_var_l1 59.371822357177734
weighted/prior_loss_var_l2 0.0
weighted/loss_r_feature 49.13406753540039
weighted/loss_r_feature_first 2.2813565731048584
unweighted/task_loss 2.3275105953216553
unweighted/prior_loss_var_l1 0.7916243076324463
unweighted/prior_loss_var_l2 1933.76953125
unweighted/loss_r_feature 491.3406677246094
unweighted/loss_r_feature_first 1.1406782865524292
unweighted/inputs_norm 284.2675476074219
learning_Rate 0.19801052416188117
--------------------------------------------------
ITERATION: 160
weighted/total_loss 120.46492004394531
weighted/task_loss 0.6842819452285767
weighted/prior_loss_var_l1 65.13235473632812
weighted/prior_loss_var_l2 0.0
weighted/loss_r_feature 51.988067626953125
weighted/loss_r_feature_first 2.6602187156677246
unweighted/task_loss 1.3685638904571533
unweighted/prior_loss_var_l1 0.8684313893318176
unweighted/prior_loss_var_l2 2013.97509765625
unweighted/loss_r_feature 519.8806762695312
unweighted/loss_r_feature_first 1.3301093578338623
unweighted/inputs_norm 285.0392761230469
learning_Rate 0.19798550523842465
--------------------------------------------------
ITERATION: 161
weighted/total_loss 110.94779968261719
weighted/task_loss 0.8456937074661255
weighted/prior_loss_var_l1 55.76188659667969
weighted/prior_loss_var_l2 0.0
weighted/loss_r_feature 52.19487380981445
weighted/loss_r_feature_first 2.145343780517578
unweighted/task_loss 1.691387414932251
unweighted/prior_loss_var_l1 0.7434918284416199
unweighted/prior_loss_var_l2 1800.5941162109375
unweighted/loss_r_feature 521.94873046875
unweighted/loss_r_feature_first 1.072671890258789
unweighted/inputs_norm 283.2833251953125
learning_Rate 0.19796033158248072
--------------------------------------------------
ITERATION: 162
weighted/total_loss 117.98408508300781
weighted/task_loss 7.4449143409729
weighted/prior_loss_var_l1 59.236385345458984
weighted/prior_loss_var_l2 0.0
weighted/loss_r_feature 49.33810806274414
weighted/loss_r_feature_first 1.964672327041626
unweighted/task_loss 14.8898286819458
unweighted/prior_loss_var_l1 0.7898184657096863
unweighted/prior_loss_var_l2 1870.7557373046875
unweighted/loss_r_feature 493.3810729980469
unweighted/loss_r_feature_first 0.982336163520813
unweighted/inputs_norm 285.752685546875
learning_Rate 0.19793500323380198
--------------------------------------------------
ITERATION: 163
weighted/total_loss 118.50448608398438
weighted/task_loss 0.5613085031509399
weighted/prior_loss_var_l1 64.21796417236328
weighted/prior_loss_var_l2 0.0
weighted/loss_r_feature 51.124671936035156
weighted/loss_r_feature_first 2.6005377769470215
unweighted/task_loss 1.1226170063018799
unweighted/prior_loss_var_l1 0.8562395572662354
unweighted/prior_loss_var_l2 1992.0556640625
unweighted/loss_r_feature 511.2467041015625
unweighted/loss_r_feature_first 1.3002688884735107
unweighted/inputs_norm 285.6466369628906
learning_Rate 0.19790952023238534
--------------------------------------------------
ITERATION: 164
weighted/total_loss 134.06105041503906
weighted/task_loss 5.213294506072998
weighted/prior_loss_var_l1 57.881900787353516
weighted/prior_loss_var_l2 0.0
weighted/loss_r_feature 68.8743667602539
weighted/loss_r_feature_first 2.0914981365203857
unweighted/task_loss 10.426589012145996
unweighted/prior_loss_var_l1 0.7717586755752563
unweighted/prior_loss_var_l2 1867.88134765625
unweighted/loss_r_feature 688.74365234375
unweighted/loss_r_feature_first 1.0457490682601929
unweighted/inputs_norm 283.88262939453125
learning_Rate 0.19788388261847198
--------------------------------------------------
ITERATION: 165
weighted/total_loss 147.1481170654297
weighted/task_loss 1.0465909242630005
weighted/prior_loss_var_l1 73.20589447021484
weighted/prior_loss_var_l2 0.0
weighted/loss_r_feature 69.53621673583984
weighted/loss_r_feature_first 3.359426736831665
unweighted/task_loss 2.093181848526001
unweighted/prior_loss_var_l1 0.9760786294937134
unweighted/prior_loss_var_l2 2303.167724609375
unweighted/loss_r_feature 695.3621826171875
unweighted/loss_r_feature_first 1.6797133684158325
unweighted/inputs_norm 286.7169494628906
learning_Rate 0.19785809043254715
--------------------------------------------------
ITERATION: 166
weighted/total_loss 121.27033233642578
weighted/task_loss 1.5034010410308838
weighted/prior_loss_var_l1 63.9403190612793
weighted/prior_loss_var_l2 0.0
weighted/loss_r_feature 53.3585090637207
weighted/loss_r_feature_first 2.4681026935577393
unweighted/task_loss 3.0068020820617676
unweighted/prior_loss_var_l1 0.8525375723838806
unweighted/prior_loss_var_l2 2047.677734375
unweighted/loss_r_feature 533.5850830078125
unweighted/loss_r_feature_first 1.2340513467788696
unweighted/inputs_norm 285.12652587890625
learning_Rate 0.19783214371534028
--------------------------------------------------
ITERATION: 167
weighted/total_loss 110.63484954833984
weighted/task_loss 1.782841682434082
weighted/prior_loss_var_l1 58.368873596191406
weighted/prior_loss_var_l2 0.0
weighted/loss_r_feature 48.54019546508789
weighted/loss_r_feature_first 1.9429397583007812
unweighted/task_loss 3.565683364868164
unweighted/prior_loss_var_l1 0.7782516479492188
unweighted/prior_loss_var_l2 1878.1693115234375
unweighted/loss_r_feature 485.4019470214844
unweighted/loss_r_feature_first 0.9714698791503906
unweighted/inputs_norm 284.10040283203125
learning_Rate 0.19780604250782471
--------------------------------------------------
ITERATION: 168
weighted/total_loss 112.82134246826172
weighted/task_loss 0.998807966709137
weighted/prior_loss_var_l1 59.278564453125
weighted/prior_loss_var_l2 0.0
weighted/loss_r_feature 50.432071685791016
weighted/loss_r_feature_first 2.1118979454040527
unweighted/task_loss 1.997615933418274
unweighted/prior_loss_var_l1 0.7903808355331421
unweighted/prior_loss_var_l2 1869.446533203125
unweighted/loss_r_feature 504.3207092285156
unweighted/loss_r_feature_first 1.0559489727020264
unweighted/inputs_norm 284.1921691894531
learning_Rate 0.19777978685121791
--------------------------------------------------
ITERATION: 169
weighted/total_loss 126.31658935546875
weighted/task_loss 6.58964204788208
weighted/prior_loss_var_l1 64.86561584472656
weighted/prior_loss_var_l2 0.0
weighted/loss_r_feature 52.319698333740234
weighted/loss_r_feature_first 2.541628837585449
unweighted/task_loss 13.17928409576416
unweighted/prior_loss_var_l1 0.8648748397827148
unweighted/prior_loss_var_l2 2025.79638671875
unweighted/loss_r_feature 523.1969604492188
unweighted/loss_r_feature_first 1.2708144187927246
unweighted/inputs_norm 284.77398681640625
learning_Rate 0.19775337678698107
--------------------------------------------------
ITERATION: 170
weighted/total_loss 147.5965118408203
weighted/task_loss 1.3689287900924683
weighted/prior_loss_var_l1 66.33984375
weighted/prior_loss_var_l2 0.0
weighted/loss_r_feature 77.02904510498047
weighted/loss_r_feature_first 2.8586831092834473
unweighted/task_loss 2.7378575801849365
unweighted/prior_loss_var_l1 0.8845312595367432
unweighted/prior_loss_var_l2 2087.17724609375
unweighted/loss_r_feature 770.2904663085938
unweighted/loss_r_feature_first 1.4293415546417236
unweighted/inputs_norm 283.48309326171875
learning_Rate 0.1977268123568193
--------------------------------------------------
ITERATION: 171
weighted/total_loss 136.97523498535156
weighted/task_loss 5.339343070983887
weighted/prior_loss_var_l1 68.63497161865234
weighted/prior_loss_var_l2 0.0
weighted/loss_r_feature 60.212615966796875
weighted/loss_r_feature_first 2.7883222103118896
unweighted/task_loss 10.678686141967773
unweighted/prior_loss_var_l1 0.915132999420166
unweighted/prior_loss_var_l2 2213.16064453125
unweighted/loss_r_feature 602.1261596679688
unweighted/loss_r_feature_first 1.3941611051559448
unweighted/inputs_norm 284.7290954589844
learning_Rate 0.19770009360268145
--------------------------------------------------
ITERATION: 172
weighted/total_loss 119.12289428710938
weighted/task_loss 1.149909257888794
weighted/prior_loss_var_l1 62.24464797973633
weighted/prior_loss_var_l2 0.0
weighted/loss_r_feature 53.71928787231445
weighted/loss_r_feature_first 2.0090489387512207
unweighted/task_loss 2.299818515777588
unweighted/prior_loss_var_l1 0.8299286365509033
unweighted/prior_loss_var_l2 2014.301025390625
unweighted/loss_r_feature 537.19287109375
unweighted/loss_r_feature_first 1.0045244693756104
unweighted/inputs_norm 284.674072265625
learning_Rate 0.1976732205667601
--------------------------------------------------
ITERATION: 173
weighted/total_loss 109.43205261230469
weighted/task_loss 1.9115111827850342
weighted/prior_loss_var_l1 58.469093322753906
weighted/prior_loss_var_l2 0.0
weighted/loss_r_feature 47.10186767578125
weighted/loss_r_feature_first 1.9495868682861328
unweighted/task_loss 3.8230223655700684
unweighted/prior_loss_var_l1 0.7795879244804382
unweighted/prior_loss_var_l2 1874.5146484375
unweighted/loss_r_feature 471.0186767578125
unweighted/loss_r_feature_first 0.9747934341430664
unweighted/inputs_norm 282.8707580566406
learning_Rate 0.19764619329149144
--------------------------------------------------
ITERATION: 174
weighted/total_loss 109.0343246459961
weighted/task_loss 4.256916046142578
weighted/prior_loss_var_l1 56.24794006347656
weighted/prior_loss_var_l2 0.0
weighted/loss_r_feature 46.748382568359375
weighted/loss_r_feature_first 1.7810932397842407
unweighted/task_loss 8.513832092285156
unweighted/prior_loss_var_l1 0.7499725222587585
unweighted/prior_loss_var_l2 1803.21533203125
unweighted/loss_r_feature 467.48382568359375
unweighted/loss_r_feature_first 0.8905466198921204
unweighted/inputs_norm 282.89117431640625
learning_Rate 0.19761901181955524
--------------------------------------------------
ITERATION: 175
weighted/total_loss 131.59219360351562
weighted/task_loss 9.465095520019531
weighted/prior_loss_var_l1 65.41024017333984
weighted/prior_loss_var_l2 0.0
weighted/loss_r_feature 54.10883331298828
weighted/loss_r_feature_first 2.6080355644226074
unweighted/task_loss 18.930191040039062
unweighted/prior_loss_var_l1 0.8721365332603455
unweighted/prior_loss_var_l2 2085.616455078125
unweighted/loss_r_feature 541.0883178710938
unweighted/loss_r_feature_first 1.3040177822113037
unweighted/inputs_norm 284.27130126953125
learning_Rate 0.19759167619387472
--------------------------------------------------
ITERATION: 176
weighted/total_loss 136.08457946777344
weighted/task_loss 2.856313705444336
weighted/prior_loss_var_l1 63.713401794433594
weighted/prior_loss_var_l2 0.0
weighted/loss_r_feature 67.18965911865234
weighted/loss_r_feature_first 2.325214385986328
unweighted/task_loss 5.712627410888672
unweighted/prior_loss_var_l1 0.8495120406150818
unweighted/prior_loss_var_l2 2003.7215576171875
unweighted/loss_r_feature 671.8965454101562
unweighted/loss_r_feature_first 1.162607192993164
unweighted/inputs_norm 283.8038024902344
learning_Rate 0.1975641864576166
--------------------------------------------------
ITERATION: 177
weighted/total_loss 140.87889099121094
weighted/task_loss 1.3835421800613403
weighted/prior_loss_var_l1 69.75125885009766
weighted/prior_loss_var_l2 0.0
weighted/loss_r_feature 67.15148162841797
weighted/loss_r_feature_first 2.5926101207733154
unweighted/task_loss 2.7670843601226807
unweighted/prior_loss_var_l1 0.930016815662384
unweighted/prior_loss_var_l2 2199.31689453125
unweighted/loss_r_feature 671.5147705078125
unweighted/loss_r_feature_first 1.2963050603866577
unweighted/inputs_norm 285.7520751953125
learning_Rate 0.19753654265419085
--------------------------------------------------
ITERATION: 178
weighted/total_loss 135.6084747314453
weighted/task_loss 0.9184806942939758
weighted/prior_loss_var_l1 71.94965362548828
weighted/prior_loss_var_l2 0.0
weighted/loss_r_feature 59.681800842285156
weighted/loss_r_feature_first 3.058549165725708
unweighted/task_loss 1.8369613885879517
unweighted/prior_loss_var_l1 0.9593287110328674
unweighted/prior_loss_var_l2 2240.3037109375
unweighted/loss_r_feature 596.8179931640625
unweighted/loss_r_feature_first 1.529274582862854
unweighted/inputs_norm 285.6961364746094
learning_Rate 0.1975087448272509
--------------------------------------------------
ITERATION: 179
weighted/total_loss 117.53118133544922
weighted/task_loss 10.522497177124023
weighted/prior_loss_var_l1 54.53245544433594
weighted/prior_loss_var_l2 0.0
weighted/loss_r_feature 49.967559814453125
weighted/loss_r_feature_first 2.508664608001709
unweighted/task_loss 21.044994354248047
unweighted/prior_loss_var_l1 0.7270994186401367
unweighted/prior_loss_var_l2 1825.5604248046875
unweighted/loss_r_feature 499.67559814453125
unweighted/loss_r_feature_first 1.2543323040008545
unweighted/inputs_norm 282.516357421875
learning_Rate 0.19748079302069327
--------------------------------------------------
ITERATION: 180
weighted/total_loss 118.53005981445312
weighted/task_loss 1.0149755477905273
weighted/prior_loss_var_l1 62.141082763671875
weighted/prior_loss_var_l2 0.0
weighted/loss_r_feature 53.430419921875
weighted/loss_r_feature_first 1.94358229637146
unweighted/task_loss 2.0299510955810547
unweighted/prior_loss_var_l1 0.8285477757453918
unweighted/prior_loss_var_l2 1932.7822265625
unweighted/loss_r_feature 534.30419921875
unweighted/loss_r_feature_first 0.97179114818573
unweighted/inputs_norm 285.5422668457031
learning_Rate 0.1974526872786577
--------------------------------------------------
ITERATION: 181
weighted/total_loss 112.26054382324219
weighted/task_loss 8.485119819641113
weighted/prior_loss_var_l1 55.93416213989258
weighted/prior_loss_var_l2 0.0
weighted/loss_r_feature 46.12450408935547
weighted/loss_r_feature_first 1.7167572975158691
unweighted/task_loss 16.970239639282227
unweighted/prior_loss_var_l1 0.7457888126373291
unweighted/prior_loss_var_l2 1767.6951904296875
unweighted/loss_r_feature 461.2450256347656
unweighted/loss_r_feature_first 0.8583786487579346
unweighted/inputs_norm 283.3846130371094
learning_Rate 0.19742442764552695
--------------------------------------------------
ITERATION: 182
weighted/total_loss 128.82766723632812
weighted/task_loss 6.643214702606201
weighted/prior_loss_var_l1 59.62959289550781
weighted/prior_loss_var_l2 0.0
weighted/loss_r_feature 60.69733810424805
weighted/loss_r_feature_first 1.8575339317321777
unweighted/task_loss 13.286429405212402
unweighted/prior_loss_var_l1 0.7950612306594849
unweighted/prior_loss_var_l2 1879.2305908203125
unweighted/loss_r_feature 606.973388671875
unweighted/loss_r_feature_first 0.9287669658660889
unweighted/inputs_norm 284.262451171875
learning_Rate 0.1973960141659269
--------------------------------------------------
ITERATION: 183
weighted/total_loss 138.10948181152344
weighted/task_loss 2.680014133453369
weighted/prior_loss_var_l1 72.02562713623047
weighted/prior_loss_var_l2 0.0
weighted/loss_r_feature 60.64990234375
weighted/loss_r_feature_first 2.753932237625122
unweighted/task_loss 5.360028266906738
unweighted/prior_loss_var_l1 0.9603416919708252
unweighted/prior_loss_var_l2 2246.1982421875
unweighted/loss_r_feature 606.4990234375
unweighted/loss_r_feature_first 1.376966118812561
unweighted/inputs_norm 286.6895751953125
learning_Rate 0.19736744688472624
--------------------------------------------------
ITERATION: 184
weighted/total_loss 137.11795043945312
weighted/task_loss 0.8984349966049194
weighted/prior_loss_var_l1 71.7030258178711
weighted/prior_loss_var_l2 0.0
weighted/loss_r_feature 61.5676383972168
weighted/loss_r_feature_first 2.9488587379455566
unweighted/task_loss 1.7968699932098389
unweighted/prior_loss_var_l1 0.9560403227806091
unweighted/prior_loss_var_l2 2238.16259765625
unweighted/loss_r_feature 615.6763916015625
unweighted/loss_r_feature_first 1.4744293689727783
unweighted/inputs_norm 285.7247009277344
learning_Rate 0.19733872584703668
--------------------------------------------------
ITERATION: 185
weighted/total_loss 109.91773223876953
weighted/task_loss 0.9783331155776978
weighted/prior_loss_var_l1 56.494197845458984
weighted/prior_loss_var_l2 0.0
weighted/loss_r_feature 50.66707992553711
weighted/loss_r_feature_first 1.778123378753662
unweighted/task_loss 1.9566662311553955
unweighted/prior_loss_var_l1 0.7532559633255005
unweighted/prior_loss_var_l2 1764.2744140625
unweighted/loss_r_feature 506.6707763671875
unweighted/loss_r_feature_first 0.889061689376831
unweighted/inputs_norm 283.32232666015625
learning_Rate 0.1973098510982126
--------------------------------------------------
ITERATION: 186
weighted/total_loss 122.95999908447266
weighted/task_loss 1.1835014820098877
weighted/prior_loss_var_l1 66.11460876464844
weighted/prior_loss_var_l2 0.0
weighted/loss_r_feature 53.11860275268555
weighted/loss_r_feature_first 2.5432791709899902
unweighted/task_loss 2.3670029640197754
unweighted/prior_loss_var_l1 0.8815281391143799
unweighted/prior_loss_var_l2 2062.746826171875
unweighted/loss_r_feature 531.18603515625
unweighted/loss_r_feature_first 1.2716395854949951
unweighted/inputs_norm 285.6885070800781
learning_Rate 0.1972808226838512
--------------------------------------------------
ITERATION: 187
weighted/total_loss 104.1730728149414
weighted/task_loss 1.1908276081085205
weighted/prior_loss_var_l1 54.41702651977539
weighted/prior_loss_var_l2 0.0
weighted/loss_r_feature 46.7255744934082
weighted/loss_r_feature_first 1.839644432067871
unweighted/task_loss 2.381655216217041
unweighted/prior_loss_var_l1 0.7255603671073914
unweighted/prior_loss_var_l2 1796.775634765625
unweighted/loss_r_feature 467.2557373046875
unweighted/loss_r_feature_first 0.9198222160339355
unweighted/inputs_norm 283.6107177734375
learning_Rate 0.19725164064979234
--------------------------------------------------
ITERATION: 188
weighted/total_loss 119.355712890625
weighted/task_loss 0.685210645198822
weighted/prior_loss_var_l1 63.48048782348633
weighted/prior_loss_var_l2 0.0
weighted/loss_r_feature 52.704376220703125
weighted/loss_r_feature_first 2.4856438636779785
unweighted/task_loss 1.370421290397644
unweighted/prior_loss_var_l1 0.8464065194129944
unweighted/prior_loss_var_l2 1963.55029296875
unweighted/loss_r_feature 527.0437622070312
unweighted/loss_r_feature_first 1.2428219318389893
unweighted/inputs_norm 285.600830078125
learning_Rate 0.19722230504211835
--------------------------------------------------
ITERATION: 189
weighted/total_loss 110.62646484375
weighted/task_loss 3.9507973194122314
weighted/prior_loss_var_l1 57.21989440917969
weighted/prior_loss_var_l2 0.0
weighted/loss_r_feature 47.42836380004883
weighted/loss_r_feature_first 2.0274040699005127
unweighted/task_loss 7.901594638824463
unweighted/prior_loss_var_l1 0.7629319429397583
unweighted/prior_loss_var_l2 1807.1793212890625
unweighted/loss_r_feature 474.28363037109375
unweighted/loss_r_feature_first 1.0137020349502563
unweighted/inputs_norm 283.21697998046875
learning_Rate 0.19719281590715423
--------------------------------------------------
ITERATION: 190
weighted/total_loss 127.16931915283203
weighted/task_loss 1.9111223220825195
weighted/prior_loss_var_l1 65.83195495605469
weighted/prior_loss_var_l2 0.0
weighted/loss_r_feature 56.820106506347656
weighted/loss_r_feature_first 2.606133460998535
unweighted/task_loss 3.822244644165039
unweighted/prior_loss_var_l1 0.8777593970298767
unweighted/prior_loss_var_l2 2123.63671875
unweighted/loss_r_feature 568.2010498046875
unweighted/loss_r_feature_first 1.3030667304992676
unweighted/inputs_norm 286.3328857421875
learning_Rate 0.19716317329146732
--------------------------------------------------
ITERATION: 191
weighted/total_loss 120.34593200683594
weighted/task_loss 0.9636846780776978
weighted/prior_loss_var_l1 64.81758880615234
weighted/prior_loss_var_l2 0.0
weighted/loss_r_feature 52.136474609375
weighted/loss_r_feature_first 2.4281821250915527
unweighted/task_loss 1.9273693561553955
unweighted/prior_loss_var_l1 0.8642345070838928
unweighted/prior_loss_var_l2 2006.289306640625
unweighted/loss_r_feature 521.36474609375
unweighted/loss_r_feature_first 1.2140910625457764
unweighted/inputs_norm 285.5998229980469
learning_Rate 0.19713337724186736
--------------------------------------------------
ITERATION: 192
weighted/total_loss 133.66807556152344
weighted/task_loss 5.254568099975586
weighted/prior_loss_var_l1 60.19176483154297
weighted/prior_loss_var_l2 0.0
weighted/loss_r_feature 65.900146484375
weighted/loss_r_feature_first 2.321601390838623
unweighted/task_loss 10.509136199951172
unweighted/prior_loss_var_l1 0.8025568723678589
unweighted/prior_loss_var_l2 1887.197509765625
unweighted/loss_r_feature 659.00146484375
unweighted/loss_r_feature_first 1.1608006954193115
unweighted/inputs_norm 284.022216796875
learning_Rate 0.19710342780540638
--------------------------------------------------
ITERATION: 193
weighted/total_loss 122.66329956054688
weighted/task_loss 1.2890883684158325
weighted/prior_loss_var_l1 64.08988952636719
weighted/prior_loss_var_l2 0.0
weighted/loss_r_feature 54.92017364501953
weighted/loss_r_feature_first 2.364154815673828
unweighted/task_loss 2.578176736831665
unweighted/prior_loss_var_l1 0.8545318841934204
unweighted/prior_loss_var_l2 2035.69189453125
unweighted/loss_r_feature 549.2017211914062
unweighted/loss_r_feature_first 1.182077407836914
unweighted/inputs_norm 287.10455322265625
learning_Rate 0.19707332502937866
--------------------------------------------------
ITERATION: 194
weighted/total_loss 116.32038116455078
weighted/task_loss 5.55357027053833
weighted/prior_loss_var_l1 59.48395538330078
weighted/prior_loss_var_l2 0.0
weighted/loss_r_feature 48.68988800048828
weighted/loss_r_feature_first 2.592965602874756
unweighted/task_loss 11.10714054107666
unweighted/prior_loss_var_l1 0.7931194305419922
unweighted/prior_loss_var_l2 1944.230224609375
unweighted/loss_r_feature 486.89886474609375
unweighted/loss_r_feature_first 1.296482801437378
unweighted/inputs_norm 284.63262939453125
learning_Rate 0.19704306896132054
--------------------------------------------------
ITERATION: 195
weighted/total_loss 120.48809051513672
weighted/task_loss 0.7582710981369019
weighted/prior_loss_var_l1 61.25792694091797
weighted/prior_loss_var_l2 0.0
weighted/loss_r_feature 56.170684814453125
weighted/loss_r_feature_first 2.3012068271636963
unweighted/task_loss 1.5165421962738037
unweighted/prior_loss_var_l1 0.8167723417282104
unweighted/prior_loss_var_l2 1957.2235107421875
unweighted/loss_r_feature 561.7068481445312
unweighted/loss_r_feature_first 1.1506034135818481
unweighted/inputs_norm 283.6819152832031
learning_Rate 0.19701265964901052
--------------------------------------------------
ITERATION: 196
weighted/total_loss 118.69625854492188
weighted/task_loss 0.9800707101821899
weighted/prior_loss_var_l1 61.276214599609375
weighted/prior_loss_var_l2 0.0
weighted/loss_r_feature 54.495704650878906
weighted/loss_r_feature_first 1.9442660808563232
unweighted/task_loss 1.9601414203643799
unweighted/prior_loss_var_l1 0.8170161843299866
unweighted/prior_loss_var_l2 1930.294189453125
unweighted/loss_r_feature 544.95703125
unweighted/loss_r_feature_first 0.9721330404281616
unweighted/inputs_norm 284.72955322265625
learning_Rate 0.19698209714046902
--------------------------------------------------
ITERATION: 197
weighted/total_loss 103.95758056640625
weighted/task_loss 1.4911830425262451
weighted/prior_loss_var_l1 54.70866394042969
weighted/prior_loss_var_l2 0.0
weighted/loss_r_feature 45.96992874145508
weighted/loss_r_feature_first 1.7878072261810303
unweighted/task_loss 2.9823660850524902
unweighted/prior_loss_var_l1 0.7294488549232483
unweighted/prior_loss_var_l2 1792.4146728515625
unweighted/loss_r_feature 459.69927978515625
unweighted/loss_r_feature_first 0.8939036130905151
unweighted/inputs_norm 283.498046875
learning_Rate 0.19695138148395847
--------------------------------------------------
ITERATION: 198
weighted/total_loss 133.4311065673828
weighted/task_loss 0.6707304120063782
weighted/prior_loss_var_l1 72.01576232910156
weighted/prior_loss_var_l2 0.0
weighted/loss_r_feature 57.872802734375
weighted/loss_r_feature_first 2.8718135356903076
unweighted/task_loss 1.3414608240127563
unweighted/prior_loss_var_l1 0.9602101445198059
unweighted/prior_loss_var_l2 2237.56005859375
unweighted/loss_r_feature 578.72802734375
unweighted/loss_r_feature_first 1.4359067678451538
unweighted/inputs_norm 285.75042724609375
learning_Rate 0.19692051272798297
--------------------------------------------------
ITERATION: 199
weighted/total_loss 101.38990783691406
weighted/task_loss 0.7184345126152039
weighted/prior_loss_var_l1 53.8833122253418
weighted/prior_loss_var_l2 0.0
weighted/loss_r_feature 44.85084915161133
weighted/loss_r_feature_first 1.937315583229065
unweighted/task_loss 1.4368690252304077
unweighted/prior_loss_var_l1 0.7184441685676575
unweighted/prior_loss_var_l2 1675.052490234375
unweighted/loss_r_feature 448.50848388671875
unweighted/loss_r_feature_first 0.9686577916145325
unweighted/inputs_norm 283.792236328125
learning_Rate 0.19688949092128863
--------------------------------------------------
ITERATION: 200
weighted/total_loss 114.66963195800781
weighted/task_loss 0.6568480134010315
weighted/prior_loss_var_l1 58.36656951904297
weighted/prior_loss_var_l2 0.0
weighted/loss_r_feature 52.78935623168945
weighted/loss_r_feature_first 2.856853723526001
unweighted/task_loss 1.313696026802063
unweighted/prior_loss_var_l1 0.7782209515571594
unweighted/prior_loss_var_l2 1852.1719970703125
unweighted/loss_r_feature 527.8935546875
unweighted/loss_r_feature_first 1.4284268617630005
unweighted/inputs_norm 284.65106201171875
learning_Rate 0.19685831611286303
Verifier InvImage mPrec: 0.4082 mRec: 1.0 mAP: 0.6409 mF1: 0.5285 
Teacher InvImage mPrec: 0.4082 mRec: 1.0 mAP: 0.6409 mF1: 0.5285 
--------------------------------------------------
ITERATION: 201
weighted/total_loss 103.93425750732422
weighted/task_loss 0.9009348154067993
weighted/prior_loss_var_l1 54.919315338134766
weighted/prior_loss_var_l2 0.0
weighted/loss_r_feature 46.291961669921875
weighted/loss_r_feature_first 1.8220415115356445
unweighted/task_loss 1.8018696308135986
unweighted/prior_loss_var_l1 0.7322575449943542
unweighted/prior_loss_var_l2 1788.5557861328125
unweighted/loss_r_feature 462.91961669921875
unweighted/loss_r_feature_first 0.9110207557678223
unweighted/inputs_norm 285.5848693847656
learning_Rate 0.1968269883519355
--------------------------------------------------
ITERATION: 202
weighted/total_loss 126.7919921875
weighted/task_loss 5.950946807861328
weighted/prior_loss_var_l1 60.932464599609375
weighted/prior_loss_var_l2 0.0
weighted/loss_r_feature 57.58806228637695
weighted/loss_r_feature_first 2.3205246925354004
unweighted/task_loss 11.901893615722656
unweighted/prior_loss_var_l1 0.8124328851699829
unweighted/prior_loss_var_l2 1935.1998291015625
unweighted/loss_r_feature 575.880615234375
unweighted/loss_r_feature_first 1.1602623462677002
unweighted/inputs_norm 284.6031799316406
learning_Rate 0.19679550768797682
--------------------------------------------------
ITERATION: 203
weighted/total_loss 123.53254699707031
weighted/task_loss 1.0938435792922974
weighted/prior_loss_var_l1 65.51918029785156
weighted/prior_loss_var_l2 0.0
weighted/loss_r_feature 54.07508087158203
weighted/loss_r_feature_first 2.844447135925293
unweighted/task_loss 2.1876871585845947
unweighted/prior_loss_var_l1 0.873589038848877
unweighted/prior_loss_var_l2 2060.690673828125
unweighted/loss_r_feature 540.7507934570312
unweighted/loss_r_feature_first 1.4222235679626465
unweighted/inputs_norm 287.2333984375
learning_Rate 0.19676387417069927
--------------------------------------------------
ITERATION: 204
weighted/total_loss 110.10468292236328
weighted/task_loss 0.9538189768791199
weighted/prior_loss_var_l1 58.017181396484375
weighted/prior_loss_var_l2 0.0
weighted/loss_r_feature 48.74730682373047
weighted/loss_r_feature_first 2.3863766193389893
unweighted/task_loss 1.9076379537582397
unweighted/prior_loss_var_l1 0.7735624313354492
unweighted/prior_loss_var_l2 1826.4925537109375
unweighted/loss_r_feature 487.4730529785156
unweighted/loss_r_feature_first 1.1931883096694946
unweighted/inputs_norm 284.404296875
learning_Rate 0.19673208785005647
--------------------------------------------------
ITERATION: 205
weighted/total_loss 113.1540756225586
weighted/task_loss 0.713021993637085
weighted/prior_loss_var_l1 60.109458923339844
weighted/prior_loss_var_l2 0.0
weighted/loss_r_feature 49.9029655456543
weighted/loss_r_feature_first 2.4286270141601562
unweighted/task_loss 1.42604398727417
unweighted/prior_loss_var_l1 0.8014594316482544
unweighted/prior_loss_var_l2 1889.532958984375
unweighted/loss_r_feature 499.0296630859375
unweighted/loss_r_feature_first 1.2143135070800781
unweighted/inputs_norm 285.2287902832031
learning_Rate 0.1967001487762434
--------------------------------------------------
ITERATION: 206
weighted/total_loss 118.42536926269531
weighted/task_loss 9.191184997558594
weighted/prior_loss_var_l1 58.74064636230469
weighted/prior_loss_var_l2 0.0
weighted/loss_r_feature 48.4470100402832
weighted/loss_r_feature_first 2.046525001525879
unweighted/task_loss 18.382369995117188
unweighted/prior_loss_var_l1 0.7832086086273193
unweighted/prior_loss_var_l2 1860.0064697265625
unweighted/loss_r_feature 484.4700927734375
unweighted/loss_r_feature_first 1.0232625007629395
unweighted/inputs_norm 283.51922607421875
learning_Rate 0.19666805699969617
--------------------------------------------------
ITERATION: 207
weighted/total_loss 120.96297454833984
weighted/task_loss 1.8553874492645264
weighted/prior_loss_var_l1 60.24681854248047
weighted/prior_loss_var_l2 0.0
weighted/loss_r_feature 56.515174865722656
weighted/loss_r_feature_first 2.3455920219421387
unweighted/task_loss 3.7107748985290527
unweighted/prior_loss_var_l1 0.8032909035682678
unweighted/prior_loss_var_l2 1967.165771484375
unweighted/loss_r_feature 565.1517333984375
unweighted/loss_r_feature_first 1.1727960109710693
unweighted/inputs_norm 285.1424255371094
learning_Rate 0.1966358125710921
--------------------------------------------------
ITERATION: 208
weighted/total_loss 110.20612335205078
weighted/task_loss 6.0411272048950195
weighted/prior_loss_var_l1 54.04951858520508
weighted/prior_loss_var_l2 0.0
weighted/loss_r_feature 48.32851791381836
weighted/loss_r_feature_first 1.7869651317596436
unweighted/task_loss 12.082254409790039
unweighted/prior_loss_var_l1 0.7206602692604065
unweighted/prior_loss_var_l2 1827.577392578125
unweighted/loss_r_feature 483.2851867675781
unweighted/loss_r_feature_first 0.8934825658798218
unweighted/inputs_norm 286.26220703125
learning_Rate 0.19660341554134958
--------------------------------------------------
ITERATION: 209
weighted/total_loss 124.04815673828125
weighted/task_loss 0.6540582180023193
weighted/prior_loss_var_l1 67.33737182617188
weighted/prior_loss_var_l2 0.0
weighted/loss_r_feature 53.3541374206543
weighted/loss_r_feature_first 2.70259428024292
unweighted/task_loss 1.3081164360046387
unweighted/prior_loss_var_l1 0.8978316187858582
unweighted/prior_loss_var_l2 2129.03564453125
unweighted/loss_r_feature 533.5413818359375
unweighted/loss_r_feature_first 1.35129714012146
unweighted/inputs_norm 287.2677001953125
learning_Rate 0.19657086596162787
--------------------------------------------------
ITERATION: 210
weighted/total_loss 112.35335540771484
weighted/task_loss 1.0818079710006714
weighted/prior_loss_var_l1 60.59233474731445
weighted/prior_loss_var_l2 0.0
weighted/loss_r_feature 48.35335159301758
weighted/loss_r_feature_first 2.3258609771728516
unweighted/task_loss 2.1636159420013428
unweighted/prior_loss_var_l1 0.8078978061676025
unweighted/prior_loss_var_l2 1902.69775390625
unweighted/loss_r_feature 483.53350830078125
unweighted/loss_r_feature_first 1.1629304885864258
unweighted/inputs_norm 284.4365539550781
learning_Rate 0.19653816388332723
--------------------------------------------------
ITERATION: 211
weighted/total_loss 107.7113265991211
weighted/task_loss 1.1988065242767334
weighted/prior_loss_var_l1 56.224510192871094
weighted/prior_loss_var_l2 0.0
weighted/loss_r_feature 48.30134963989258
weighted/loss_r_feature_first 1.9866535663604736
unweighted/task_loss 2.397613048553467
unweighted/prior_loss_var_l1 0.7496601343154907
unweighted/prior_loss_var_l2 1837.93359375
unweighted/loss_r_feature 483.01348876953125
unweighted/loss_r_feature_first 0.9933267831802368
unweighted/inputs_norm 286.31591796875
learning_Rate 0.19650530935808874
--------------------------------------------------
ITERATION: 212
weighted/total_loss 113.96092987060547
weighted/task_loss 3.5495316982269287
weighted/prior_loss_var_l1 59.94746017456055
weighted/prior_loss_var_l2 0.0
weighted/loss_r_feature 48.367225646972656
weighted/loss_r_feature_first 2.0967185497283936
unweighted/task_loss 7.099063396453857
unweighted/prior_loss_var_l1 0.7992994785308838
unweighted/prior_loss_var_l2 1896.81591796875
unweighted/loss_r_feature 483.6722412109375
unweighted/loss_r_feature_first 1.0483592748641968
unweighted/inputs_norm 286.14385986328125
learning_Rate 0.19647230243779415
--------------------------------------------------
ITERATION: 213
weighted/total_loss 123.7721939086914
weighted/task_loss 1.8900988101959229
weighted/prior_loss_var_l1 63.17930221557617
weighted/prior_loss_var_l2 0.0
weighted/loss_r_feature 56.20225143432617
weighted/loss_r_feature_first 2.500542402267456
unweighted/task_loss 3.7801976203918457
unweighted/prior_loss_var_l1 0.8423907160758972
unweighted/prior_loss_var_l2 2043.0443115234375
unweighted/loss_r_feature 562.0225219726562
unweighted/loss_r_feature_first 1.250271201133728
unweighted/inputs_norm 286.91802978515625
learning_Rate 0.19643914317456587
--------------------------------------------------
ITERATION: 214
weighted/total_loss 109.49520111083984
weighted/task_loss 0.8292375802993774
weighted/prior_loss_var_l1 57.116310119628906
weighted/prior_loss_var_l2 0.0
weighted/loss_r_feature 49.83433532714844
weighted/loss_r_feature_first 1.7153148651123047
unweighted/task_loss 1.6584751605987549
unweighted/prior_loss_var_l1 0.761550784111023
unweighted/prior_loss_var_l2 1809.220947265625
unweighted/loss_r_feature 498.3433532714844
unweighted/loss_r_feature_first 0.8576574325561523
unweighted/inputs_norm 287.71600341796875
learning_Rate 0.19640583162076694
--------------------------------------------------
ITERATION: 215
weighted/total_loss 124.43622589111328
weighted/task_loss 3.294534206390381
weighted/prior_loss_var_l1 58.44831085205078
weighted/prior_loss_var_l2 0.0
weighted/loss_r_feature 60.90720748901367
weighted/loss_r_feature_first 1.7861711978912354
unweighted/task_loss 6.589068412780762
unweighted/prior_loss_var_l1 0.7793108224868774
unweighted/prior_loss_var_l2 1820.9595947265625
unweighted/loss_r_feature 609.0720825195312
unweighted/loss_r_feature_first 0.8930855989456177
unweighted/inputs_norm 286.3587341308594
learning_Rate 0.19637236782900086
--------------------------------------------------
ITERATION: 216
weighted/total_loss 121.65135955810547
weighted/task_loss 1.5961337089538574
weighted/prior_loss_var_l1 62.350257873535156
weighted/prior_loss_var_l2 0.0
weighted/loss_r_feature 55.10968017578125
weighted/loss_r_feature_first 2.5952839851379395
unweighted/task_loss 3.192267417907715
unweighted/prior_loss_var_l1 0.8313367962837219
unweighted/prior_loss_var_l2 1946.2882080078125
unweighted/loss_r_feature 551.0968017578125
unweighted/loss_r_feature_first 1.2976419925689697
unweighted/inputs_norm 289.5909729003906
learning_Rate 0.19633875185211144
--------------------------------------------------
ITERATION: 217
weighted/total_loss 118.5702133178711
weighted/task_loss 5.994212627410889
weighted/prior_loss_var_l1 60.84173583984375
weighted/prior_loss_var_l2 0.0
weighted/loss_r_feature 49.75173568725586
weighted/loss_r_feature_first 1.9825360774993896
unweighted/task_loss 11.988425254821777
unweighted/prior_loss_var_l1 0.8112231492996216
unweighted/prior_loss_var_l2 1950.8218994140625
unweighted/loss_r_feature 497.517333984375
unweighted/loss_r_feature_first 0.9912680387496948
unweighted/inputs_norm 288.0149230957031
learning_Rate 0.19630498374318298
--------------------------------------------------
ITERATION: 218
weighted/total_loss 138.58641052246094
weighted/task_loss 2.8362531661987305
weighted/prior_loss_var_l1 62.28156280517578
weighted/prior_loss_var_l2 0.0
weighted/loss_r_feature 71.38028717041016
weighted/loss_r_feature_first 2.0882952213287354
unweighted/task_loss 5.672506332397461
unweighted/prior_loss_var_l1 0.8304208517074585
unweighted/prior_loss_var_l2 2000.3363037109375
unweighted/loss_r_feature 713.8028564453125
unweighted/loss_r_feature_first 1.0441476106643677
unweighted/inputs_norm 286.7939147949219
learning_Rate 0.19627106355553992
--------------------------------------------------
ITERATION: 219
weighted/total_loss 119.47001647949219
weighted/task_loss 5.022442817687988
weighted/prior_loss_var_l1 59.50051498413086
weighted/prior_loss_var_l2 0.0
weighted/loss_r_feature 52.91259765625
weighted/loss_r_feature_first 2.03446364402771
unweighted/task_loss 10.044885635375977
unweighted/prior_loss_var_l1 0.7933402061462402
unweighted/prior_loss_var_l2 1929.3414306640625
unweighted/loss_r_feature 529.1259765625
unweighted/loss_r_feature_first 1.017231822013855
unweighted/inputs_norm 288.03204345703125
learning_Rate 0.19623699134274683
--------------------------------------------------
ITERATION: 220
weighted/total_loss 117.53854370117188
weighted/task_loss 4.387572288513184
weighted/prior_loss_var_l1 59.021026611328125
weighted/prior_loss_var_l2 0.0
weighted/loss_r_feature 52.12866973876953
weighted/loss_r_feature_first 2.001272201538086
unweighted/task_loss 8.775144577026367
unweighted/prior_loss_var_l1 0.7869470119476318
unweighted/prior_loss_var_l2 1919.543701171875
unweighted/loss_r_feature 521.2866821289062
unweighted/loss_r_feature_first 1.000636100769043
unweighted/inputs_norm 287.56689453125
learning_Rate 0.19620276715860843
--------------------------------------------------
ITERATION: 221
weighted/total_loss 127.17963409423828
weighted/task_loss 1.78656804561615
weighted/prior_loss_var_l1 65.610595703125
weighted/prior_loss_var_l2 0.0
weighted/loss_r_feature 57.57918930053711
weighted/loss_r_feature_first 2.20328426361084
unweighted/task_loss 3.5731360912323
unweighted/prior_loss_var_l1 0.8748078942298889
unweighted/prior_loss_var_l2 2072.391357421875
unweighted/loss_r_feature 575.7918701171875
unweighted/loss_r_feature_first 1.10164213180542
unweighted/inputs_norm 287.04010009765625
learning_Rate 0.19616839105716935
--------------------------------------------------
ITERATION: 222
weighted/total_loss 113.50140380859375
weighted/task_loss 0.8295785188674927
weighted/prior_loss_var_l1 53.84482192993164
weighted/prior_loss_var_l2 0.0
weighted/loss_r_feature 57.44244384765625
weighted/loss_r_feature_first 1.3845558166503906
unweighted/task_loss 1.6591570377349854
unweighted/prior_loss_var_l1 0.7179309725761414
unweighted/prior_loss_var_l2 1703.936767578125
unweighted/loss_r_feature 574.4244384765625
unweighted/loss_r_feature_first 0.6922779083251953
unweighted/inputs_norm 283.9084777832031
learning_Rate 0.19613386309271416
--------------------------------------------------
ITERATION: 223
weighted/total_loss 126.26553344726562
weighted/task_loss 0.7497317790985107
weighted/prior_loss_var_l1 67.56998443603516
weighted/prior_loss_var_l2 0.0
weighted/loss_r_feature 55.423316955566406
weighted/loss_r_feature_first 2.5224969387054443
unweighted/task_loss 1.4994635581970215
unweighted/prior_loss_var_l1 0.9009330868721008
unweighted/prior_loss_var_l2 2147.826904296875
unweighted/loss_r_feature 554.233154296875
unweighted/loss_r_feature_first 1.2612484693527222
unweighted/inputs_norm 285.9001159667969
learning_Rate 0.19609918331976722
--------------------------------------------------
ITERATION: 224
weighted/total_loss 109.61680603027344
weighted/task_loss 7.3691253662109375
weighted/prior_loss_var_l1 53.934932708740234
weighted/prior_loss_var_l2 0.0
weighted/loss_r_feature 46.16349411010742
weighted/loss_r_feature_first 2.149254560470581
unweighted/task_loss 14.738250732421875
unweighted/prior_loss_var_l1 0.7191324234008789
unweighted/prior_loss_var_l2 1765.760498046875
unweighted/loss_r_feature 461.63494873046875
unweighted/loss_r_feature_first 1.0746272802352905
unweighted/inputs_norm 283.1275634765625
learning_Rate 0.19606435179309264
--------------------------------------------------
ITERATION: 225
weighted/total_loss 113.24650573730469
weighted/task_loss 0.7319304943084717
weighted/prior_loss_var_l1 59.23582077026367
weighted/prior_loss_var_l2 0.0
weighted/loss_r_feature 51.15232467651367
weighted/loss_r_feature_first 2.1264326572418213
unweighted/task_loss 1.4638609886169434
unweighted/prior_loss_var_l1 0.7898109555244446
unweighted/prior_loss_var_l2 1933.0335693359375
unweighted/loss_r_feature 511.52325439453125
unweighted/loss_r_feature_first 1.0632163286209106
unweighted/inputs_norm 284.8864440917969
learning_Rate 0.19602936856769412
--------------------------------------------------
ITERATION: 226
weighted/total_loss 112.2016830444336
weighted/task_loss 1.0523521900177002
weighted/prior_loss_var_l1 61.06238555908203
weighted/prior_loss_var_l2 0.0
weighted/loss_r_feature 47.84132766723633
weighted/loss_r_feature_first 2.245615243911743
unweighted/task_loss 2.1047043800354004
unweighted/prior_loss_var_l1 0.8141651153564453
unweighted/prior_loss_var_l2 1951.518798828125
unweighted/loss_r_feature 478.41326904296875
unweighted/loss_r_feature_first 1.1228076219558716
unweighted/inputs_norm 282.61065673828125
learning_Rate 0.195994233698815
--------------------------------------------------
ITERATION: 227
weighted/total_loss 106.51829528808594
weighted/task_loss 1.1294444799423218
weighted/prior_loss_var_l1 55.55548095703125
weighted/prior_loss_var_l2 0.0
weighted/loss_r_feature 48.243263244628906
weighted/loss_r_feature_first 1.590099573135376
unweighted/task_loss 2.2588889598846436
unweighted/prior_loss_var_l1 0.7407397627830505
unweighted/prior_loss_var_l2 1737.2852783203125
unweighted/loss_r_feature 482.4326171875
unweighted/loss_r_feature_first 0.795049786567688
unweighted/inputs_norm 282.5794677734375
learning_Rate 0.195958947241938
--------------------------------------------------
ITERATION: 228
weighted/total_loss 113.73719787597656
weighted/task_loss 3.7626395225524902
weighted/prior_loss_var_l1 57.671241760253906
weighted/prior_loss_var_l2 0.0
weighted/loss_r_feature 50.22592544555664
weighted/loss_r_feature_first 2.0773963928222656
unweighted/task_loss 7.5252790451049805
unweighted/prior_loss_var_l1 0.7689498662948608
unweighted/prior_loss_var_l2 1834.11328125
unweighted/loss_r_feature 502.2592468261719
unweighted/loss_r_feature_first 1.0386981964111328
unweighted/inputs_norm 284.16748046875
learning_Rate 0.19592350925278526
--------------------------------------------------
ITERATION: 229
weighted/total_loss 119.32763671875
weighted/task_loss 6.722927570343018
weighted/prior_loss_var_l1 60.975677490234375
weighted/prior_loss_var_l2 0.0
weighted/loss_r_feature 49.30380630493164
weighted/loss_r_feature_first 2.3252270221710205
unweighted/task_loss 13.445855140686035
unweighted/prior_loss_var_l1 0.8130090236663818
unweighted/prior_loss_var_l2 1986.8800048828125
unweighted/loss_r_feature 493.0380554199219
unweighted/loss_r_feature_first 1.1626135110855103
unweighted/inputs_norm 286.0905456542969
learning_Rate 0.19588791978731818
--------------------------------------------------
ITERATION: 230
weighted/total_loss 120.97665405273438
weighted/task_loss 6.425106525421143
weighted/prior_loss_var_l1 60.86958312988281
weighted/prior_loss_var_l2 0.0
weighted/loss_r_feature 51.042659759521484
weighted/loss_r_feature_first 2.639294147491455
unweighted/task_loss 12.850213050842285
unweighted/prior_loss_var_l1 0.8115944266319275
unweighted/prior_loss_var_l2 1967.869873046875
unweighted/loss_r_feature 510.42657470703125
unweighted/loss_r_feature_first 1.3196470737457275
unweighted/inputs_norm 285.58746337890625
learning_Rate 0.1958521789017374
--------------------------------------------------
ITERATION: 231
weighted/total_loss 124.27374267578125
weighted/task_loss 2.3281655311584473
weighted/prior_loss_var_l1 64.33658599853516
weighted/prior_loss_var_l2 0.0
weighted/loss_r_feature 55.29128646850586
weighted/loss_r_feature_first 2.317707061767578
unweighted/task_loss 4.6563310623168945
unweighted/prior_loss_var_l1 0.8578211665153503
unweighted/prior_loss_var_l2 2094.5986328125
unweighted/loss_r_feature 552.912841796875
unweighted/loss_r_feature_first 1.158853530883789
unweighted/inputs_norm 286.3270263671875
learning_Rate 0.19581628665248269
--------------------------------------------------
ITERATION: 232
weighted/total_loss 111.23838806152344
weighted/task_loss 0.9070849418640137
weighted/prior_loss_var_l1 55.50906753540039
weighted/prior_loss_var_l2 0.0
weighted/loss_r_feature 53.07461166381836
weighted/loss_r_feature_first 1.7476168870925903
unweighted/task_loss 1.8141698837280273
unweighted/prior_loss_var_l1 0.7401208877563477
unweighted/prior_loss_var_l2 1800.572998046875
unweighted/loss_r_feature 530.74609375
unweighted/loss_r_feature_first 0.8738084435462952
unweighted/inputs_norm 284.8511657714844
learning_Rate 0.19578024309623276
--------------------------------------------------
ITERATION: 233
weighted/total_loss 121.95883178710938
weighted/task_loss 0.7903829216957092
weighted/prior_loss_var_l1 64.67677307128906
weighted/prior_loss_var_l2 0.0
weighted/loss_r_feature 54.3229866027832
weighted/loss_r_feature_first 2.168684959411621
unweighted/task_loss 1.5807658433914185
unweighted/prior_loss_var_l1 0.8623570203781128
unweighted/prior_loss_var_l2 2018.46728515625
unweighted/loss_r_feature 543.2298583984375
unweighted/loss_r_feature_first 1.0843424797058105
unweighted/inputs_norm 286.1426696777344
learning_Rate 0.19574404828990533
--------------------------------------------------
ITERATION: 234
weighted/total_loss 113.66840362548828
weighted/task_loss 0.8284734487533569
weighted/prior_loss_var_l1 57.16506576538086
weighted/prior_loss_var_l2 0.0
weighted/loss_r_feature 53.76960372924805
weighted/loss_r_feature_first 1.905266284942627
unweighted/task_loss 1.6569468975067139
unweighted/prior_loss_var_l1 0.7622008919715881
unweighted/prior_loss_var_l2 1786.8975830078125
unweighted/loss_r_feature 537.696044921875
unweighted/loss_r_feature_first 0.9526331424713135
unweighted/inputs_norm 283.2572937011719
learning_Rate 0.19570770229065693
--------------------------------------------------
ITERATION: 235
weighted/total_loss 119.09467315673828
weighted/task_loss 1.155813455581665
weighted/prior_loss_var_l1 60.49873352050781
weighted/prior_loss_var_l2 0.0
weighted/loss_r_feature 55.517024993896484
weighted/loss_r_feature_first 1.923102855682373
unweighted/task_loss 2.31162691116333
unweighted/prior_loss_var_l1 0.8066498041152954
unweighted/prior_loss_var_l2 1948.1485595703125
unweighted/loss_r_feature 555.1702270507812
unweighted/loss_r_feature_first 0.9615514278411865
unweighted/inputs_norm 285.7359619140625
learning_Rate 0.19567120515588285
--------------------------------------------------
ITERATION: 236
weighted/total_loss 117.1079330444336
weighted/task_loss 5.540762901306152
weighted/prior_loss_var_l1 60.15886306762695
weighted/prior_loss_var_l2 0.0
weighted/loss_r_feature 49.37704086303711
weighted/loss_r_feature_first 2.031270980834961
unweighted/task_loss 11.081525802612305
unweighted/prior_loss_var_l1 0.802118182182312
unweighted/prior_loss_var_l2 1926.2611083984375
unweighted/loss_r_feature 493.7704162597656
unweighted/loss_r_feature_first 1.0156354904174805
unweighted/inputs_norm 285.52593994140625
learning_Rate 0.19563455694321708
--------------------------------------------------
ITERATION: 237
weighted/total_loss 107.38285064697266
weighted/task_loss 1.9280450344085693
weighted/prior_loss_var_l1 50.988189697265625
weighted/prior_loss_var_l2 0.0
weighted/loss_r_feature 53.02625274658203
weighted/loss_r_feature_first 1.4403622150421143
unweighted/task_loss 3.8560900688171387
unweighted/prior_loss_var_l1 0.6798425316810608
unweighted/prior_loss_var_l2 1682.56201171875
unweighted/loss_r_feature 530.2625122070312
unweighted/loss_r_feature_first 0.7201811075210571
unweighted/inputs_norm 284.9262390136719
learning_Rate 0.1955977577105321
--------------------------------------------------
ITERATION: 238
weighted/total_loss 133.72756958007812
weighted/task_loss 2.182800769805908
weighted/prior_loss_var_l1 67.12837219238281
weighted/prior_loss_var_l2 0.0
weighted/loss_r_feature 62.17786407470703
weighted/loss_r_feature_first 2.238524913787842
unweighted/task_loss 4.365601539611816
unweighted/prior_loss_var_l1 0.8950449228286743
unweighted/prior_loss_var_l2 2102.832275390625
unweighted/loss_r_feature 621.7786254882812
unweighted/loss_r_feature_first 1.119262456893921
unweighted/inputs_norm 287.0612487792969
learning_Rate 0.195560807515939
--------------------------------------------------
ITERATION: 239
weighted/total_loss 131.3053436279297
weighted/task_loss 1.0374948978424072
weighted/prior_loss_var_l1 59.52751922607422
weighted/prior_loss_var_l2 0.0
weighted/loss_r_feature 68.97534942626953
weighted/loss_r_feature_first 1.7649812698364258
unweighted/task_loss 2.0749897956848145
unweighted/prior_loss_var_l1 0.7937002778053284
unweighted/prior_loss_var_l2 1919.996337890625
unweighted/loss_r_feature 689.7534790039062
unweighted/loss_r_feature_first 0.8824906349182129
unweighted/inputs_norm 284.7886962890625
learning_Rate 0.19552370641778707
--------------------------------------------------
ITERATION: 240
weighted/total_loss 127.31635284423828
weighted/task_loss 4.638096809387207
weighted/prior_loss_var_l1 63.181331634521484
weighted/prior_loss_var_l2 0.0
weighted/loss_r_feature 57.59650802612305
weighted/loss_r_feature_first 1.900412917137146
unweighted/task_loss 9.276193618774414
unweighted/prior_loss_var_l1 0.8424177765846252
unweighted/prior_loss_var_l2 1983.9951171875
unweighted/loss_r_feature 575.965087890625
unweighted/loss_r_feature_first 0.950206458568573
unweighted/inputs_norm 286.784912109375
learning_Rate 0.19548645447466412
--------------------------------------------------
ITERATION: 241
weighted/total_loss 124.90337371826172
weighted/task_loss 2.3301525115966797
weighted/prior_loss_var_l1 66.40940856933594
weighted/prior_loss_var_l2 0.0
weighted/loss_r_feature 53.494747161865234
weighted/loss_r_feature_first 2.6690597534179688
unweighted/task_loss 4.660305023193359
unweighted/prior_loss_var_l1 0.885458767414093
unweighted/prior_loss_var_l2 2122.049072265625
unweighted/loss_r_feature 534.9474487304688
unweighted/loss_r_feature_first 1.3345298767089844
unweighted/inputs_norm 286.6007080078125
learning_Rate 0.19544905174539598
--------------------------------------------------
ITERATION: 242
weighted/total_loss 119.09081268310547
weighted/task_loss 0.8486552238464355
weighted/prior_loss_var_l1 64.00403594970703
weighted/prior_loss_var_l2 0.0
weighted/loss_r_feature 51.933265686035156
weighted/loss_r_feature_first 2.304856300354004
unweighted/task_loss 1.697310447692871
unweighted/prior_loss_var_l1 0.8533871173858643
unweighted/prior_loss_var_l2 2030.135986328125
unweighted/loss_r_feature 519.3326416015625
unweighted/loss_r_feature_first 1.152428150177002
unweighted/inputs_norm 285.3318786621094
learning_Rate 0.19541149828904666
--------------------------------------------------
ITERATION: 243
weighted/total_loss 114.18962860107422
weighted/task_loss 5.809893608093262
weighted/prior_loss_var_l1 53.82445526123047
weighted/prior_loss_var_l2 0.0
weighted/loss_r_feature 52.90793991088867
weighted/loss_r_feature_first 1.6473414897918701
unweighted/task_loss 11.619787216186523
unweighted/prior_loss_var_l1 0.7176594138145447
unweighted/prior_loss_var_l2 1712.163818359375
unweighted/loss_r_feature 529.0794067382812
unweighted/loss_r_feature_first 0.8236707448959351
unweighted/inputs_norm 282.5335998535156
learning_Rate 0.19537379416491824
--------------------------------------------------
ITERATION: 244
weighted/total_loss 131.13035583496094
weighted/task_loss 0.9765971302986145
weighted/prior_loss_var_l1 70.1058120727539
weighted/prior_loss_var_l2 0.0
weighted/loss_r_feature 57.4656867980957
weighted/loss_r_feature_first 2.5822582244873047
unweighted/task_loss 1.953194260597229
unweighted/prior_loss_var_l1 0.934744119644165
unweighted/prior_loss_var_l2 2172.67919921875
unweighted/loss_r_feature 574.6568603515625
unweighted/loss_r_feature_first 1.2911291122436523
unweighted/inputs_norm 286.2423400878906
learning_Rate 0.19533593943255068
--------------------------------------------------
ITERATION: 245
weighted/total_loss 117.55018615722656
weighted/task_loss 11.064878463745117
weighted/prior_loss_var_l1 58.7531852722168
weighted/prior_loss_var_l2 0.0
weighted/loss_r_feature 45.807952880859375
weighted/loss_r_feature_first 1.9241712093353271
unweighted/task_loss 22.129756927490234
unweighted/prior_loss_var_l1 0.7833757996559143
unweighted/prior_loss_var_l2 1898.535400390625
unweighted/loss_r_feature 458.07952880859375
unweighted/loss_r_feature_first 0.9620856046676636
unweighted/inputs_norm 283.927001953125
learning_Rate 0.19529793415172172
--------------------------------------------------
ITERATION: 246
weighted/total_loss 116.70527648925781
weighted/task_loss 1.5213074684143066
weighted/prior_loss_var_l1 61.59396743774414
weighted/prior_loss_var_l2 0.0
weighted/loss_r_feature 50.896968841552734
weighted/loss_r_feature_first 2.693032741546631
unweighted/task_loss 3.0426149368286133
unweighted/prior_loss_var_l1 0.8212528824806213
unweighted/prior_loss_var_l2 1929.440673828125
unweighted/loss_r_feature 508.96966552734375
unweighted/loss_r_feature_first 1.3465163707733154
unweighted/inputs_norm 284.53863525390625
learning_Rate 0.1952597783824469
--------------------------------------------------
ITERATION: 247
weighted/total_loss 113.03534698486328
weighted/task_loss 5.142922401428223
weighted/prior_loss_var_l1 57.9866828918457
weighted/prior_loss_var_l2 0.0
weighted/loss_r_feature 47.87006759643555
weighted/loss_r_feature_first 2.035672187805176
unweighted/task_loss 10.285844802856445
unweighted/prior_loss_var_l1 0.7731557488441467
unweighted/prior_loss_var_l2 1812.0482177734375
unweighted/loss_r_feature 478.70068359375
unweighted/loss_r_feature_first 1.017836093902588
unweighted/inputs_norm 284.63873291015625
learning_Rate 0.19522147218497943
--------------------------------------------------
ITERATION: 248
weighted/total_loss 156.18955993652344
weighted/task_loss 4.998228549957275
weighted/prior_loss_var_l1 68.4369125366211
weighted/prior_loss_var_l2 0.0
weighted/loss_r_feature 80.23676300048828
weighted/loss_r_feature_first 2.5176594257354736
unweighted/task_loss 9.99645709991455
unweighted/prior_loss_var_l1 0.9124921560287476
unweighted/prior_loss_var_l2 2156.48681640625
unweighted/loss_r_feature 802.3676147460938
unweighted/loss_r_feature_first 1.2588297128677368
unweighted/inputs_norm 284.7333984375
learning_Rate 0.19518301561980997
--------------------------------------------------
ITERATION: 249
weighted/total_loss 134.53372192382812
weighted/task_loss 1.3650834560394287
weighted/prior_loss_var_l1 67.09756469726562
weighted/prior_loss_var_l2 0.0
weighted/loss_r_feature 63.59467315673828
weighted/loss_r_feature_first 2.476412773132324
unweighted/task_loss 2.7301669120788574
unweighted/prior_loss_var_l1 0.8946342468261719
unweighted/prior_loss_var_l2 2122.3935546875
unweighted/loss_r_feature 635.9467163085938
unweighted/loss_r_feature_first 1.238206386566162
unweighted/inputs_norm 286.1183776855469
learning_Rate 0.19514440874766673
--------------------------------------------------
ITERATION: 250
weighted/total_loss 119.46085357666016
weighted/task_loss 0.9876585602760315
weighted/prior_loss_var_l1 62.439361572265625
weighted/prior_loss_var_l2 0.0
weighted/loss_r_feature 53.964271545410156
weighted/loss_r_feature_first 2.0695579051971436
unweighted/task_loss 1.975317120552063
unweighted/prior_loss_var_l1 0.832524836063385
unweighted/prior_loss_var_l2 1985.1109619140625
unweighted/loss_r_feature 539.6427001953125
unweighted/loss_r_feature_first 1.0347789525985718
unweighted/inputs_norm 284.3463134765625
learning_Rate 0.1951056516295152
--------------------------------------------------
ITERATION: 251
weighted/total_loss 121.01643371582031
weighted/task_loss 0.8989379405975342
weighted/prior_loss_var_l1 64.57831573486328
weighted/prior_loss_var_l2 0.0
weighted/loss_r_feature 53.436927795410156
weighted/loss_r_feature_first 2.102245807647705
unweighted/task_loss 1.7978758811950684
unweighted/prior_loss_var_l1 0.8610442280769348
unweighted/prior_loss_var_l2 2036.66015625
unweighted/loss_r_feature 534.3692626953125
unweighted/loss_r_feature_first 1.0511229038238525
unweighted/inputs_norm 283.308837890625
learning_Rate 0.19506674432655816
--------------------------------------------------
ITERATION: 252
weighted/total_loss 112.89112854003906
weighted/task_loss 1.4059457778930664
weighted/prior_loss_var_l1 51.84355545043945
weighted/prior_loss_var_l2 0.0
weighted/loss_r_feature 57.71352767944336
weighted/loss_r_feature_first 1.9281009435653687
unweighted/task_loss 2.811891555786133
unweighted/prior_loss_var_l1 0.6912474036216736
unweighted/prior_loss_var_l2 1699.230712890625
unweighted/loss_r_feature 577.13525390625
unweighted/loss_r_feature_first 0.9640504717826843
unweighted/inputs_norm 281.49859619140625
learning_Rate 0.19502768690023556
--------------------------------------------------
ITERATION: 253
weighted/total_loss 122.87566375732422
weighted/task_loss 1.029644250869751
weighted/prior_loss_var_l1 63.373687744140625
weighted/prior_loss_var_l2 0.0
weighted/loss_r_feature 56.026954650878906
weighted/loss_r_feature_first 2.445376396179199
unweighted/task_loss 2.059288501739502
unweighted/prior_loss_var_l1 0.8449825048446655
unweighted/prior_loss_var_l2 1987.80859375
unweighted/loss_r_feature 560.26953125
unweighted/loss_r_feature_first 1.2226881980895996
unweighted/inputs_norm 284.33056640625
learning_Rate 0.19498847941222444
--------------------------------------------------
ITERATION: 254
weighted/total_loss 106.80181121826172
weighted/task_loss 1.2372432947158813
weighted/prior_loss_var_l1 56.680137634277344
weighted/prior_loss_var_l2 0.0
weighted/loss_r_feature 47.146812438964844
weighted/loss_r_feature_first 1.7376179695129395
unweighted/task_loss 2.4744865894317627
unweighted/prior_loss_var_l1 0.7557351589202881
unweighted/prior_loss_var_l2 1845.6590576171875
unweighted/loss_r_feature 471.4681091308594
unweighted/loss_r_feature_first 0.8688089847564697
unweighted/inputs_norm 283.3905029296875
learning_Rate 0.19494912192443872
--------------------------------------------------
ITERATION: 255
weighted/total_loss 109.11746215820312
weighted/task_loss 1.3491724729537964
weighted/prior_loss_var_l1 56.33808898925781
weighted/prior_loss_var_l2 0.0
weighted/loss_r_feature 49.71662139892578
weighted/loss_r_feature_first 1.713580846786499
unweighted/task_loss 2.6983449459075928
unweighted/prior_loss_var_l1 0.7511745095252991
unweighted/prior_loss_var_l2 1799.326904296875
unweighted/loss_r_feature 497.16619873046875
unweighted/loss_r_feature_first 0.8567904233932495
unweighted/inputs_norm 282.1896667480469
learning_Rate 0.19490961449902927
--------------------------------------------------
ITERATION: 256
weighted/total_loss 114.09809112548828
weighted/task_loss 0.6459247469902039
weighted/prior_loss_var_l1 59.7133903503418
weighted/prior_loss_var_l2 0.0
weighted/loss_r_feature 51.95478439331055
weighted/loss_r_feature_first 1.783992052078247
unweighted/task_loss 1.2918494939804077
unweighted/prior_loss_var_l1 0.7961785197257996
unweighted/prior_loss_var_l2 1859.7984619140625
unweighted/loss_r_feature 519.5478515625
unweighted/loss_r_feature_first 0.8919960260391235
unweighted/inputs_norm 283.56280517578125
learning_Rate 0.19486995719838374
--------------------------------------------------
ITERATION: 257
weighted/total_loss 112.85135650634766
weighted/task_loss 0.7802640199661255
weighted/prior_loss_var_l1 59.14462661743164
weighted/prior_loss_var_l2 0.0
weighted/loss_r_feature 50.94158172607422
weighted/loss_r_feature_first 1.9848886728286743
unweighted/task_loss 1.560528039932251
unweighted/prior_loss_var_l1 0.7885950207710266
unweighted/prior_loss_var_l2 1875.62158203125
unweighted/loss_r_feature 509.4158020019531
unweighted/loss_r_feature_first 0.9924443364143372
unweighted/inputs_norm 283.42822265625
learning_Rate 0.19483015008512636
--------------------------------------------------
ITERATION: 258
weighted/total_loss 107.26930236816406
weighted/task_loss 1.2814784049987793
weighted/prior_loss_var_l1 56.892723083496094
weighted/prior_loss_var_l2 0.0
weighted/loss_r_feature 47.067501068115234
weighted/loss_r_feature_first 2.0276002883911133
unweighted/task_loss 2.5629568099975586
unweighted/prior_loss_var_l1 0.7585696578025818
unweighted/prior_loss_var_l2 1825.785400390625
unweighted/loss_r_feature 470.67498779296875
unweighted/loss_r_feature_first 1.0138001441955566
unweighted/inputs_norm 285.0457763671875
learning_Rate 0.19479019322211802
--------------------------------------------------
ITERATION: 259
weighted/total_loss 124.42317962646484
weighted/task_loss 9.517647743225098
weighted/prior_loss_var_l1 60.89686584472656
weighted/prior_loss_var_l2 0.0
weighted/loss_r_feature 51.19457244873047
weighted/loss_r_feature_first 2.814096450805664
unweighted/task_loss 19.035295486450195
unweighted/prior_loss_var_l1 0.8119581937789917
unweighted/prior_loss_var_l2 1963.123291015625
unweighted/loss_r_feature 511.9457092285156
unweighted/loss_r_feature_first 1.407048225402832
unweighted/inputs_norm 285.3761291503906
learning_Rate 0.19475008667245608
--------------------------------------------------
ITERATION: 260
weighted/total_loss 119.35346984863281
weighted/task_loss 1.1148601770401
weighted/prior_loss_var_l1 61.742244720458984
weighted/prior_loss_var_l2 0.0
weighted/loss_r_feature 54.33901596069336
weighted/loss_r_feature_first 2.1573519706726074
unweighted/task_loss 2.2297203540802
unweighted/prior_loss_var_l1 0.8232299089431763
unweighted/prior_loss_var_l2 1959.43701171875
unweighted/loss_r_feature 543.39013671875
unweighted/loss_r_feature_first 1.0786759853363037
unweighted/inputs_norm 285.5433654785156
learning_Rate 0.19470983049947427
--------------------------------------------------
ITERATION: 261
weighted/total_loss 108.48937225341797
weighted/task_loss 0.6357806921005249
weighted/prior_loss_var_l1 56.04417037963867
weighted/prior_loss_var_l2 0.0
weighted/loss_r_feature 50.037681579589844
weighted/loss_r_feature_first 1.7717385292053223
unweighted/task_loss 1.2715613842010498
unweighted/prior_loss_var_l1 0.7472556233406067
unweighted/prior_loss_var_l2 1835.141357421875
unweighted/loss_r_feature 500.3768005371094
unweighted/loss_r_feature_first 0.8858692646026611
unweighted/inputs_norm 286.5468444824219
learning_Rate 0.1946694247667425
--------------------------------------------------
ITERATION: 262
weighted/total_loss 114.26724243164062
weighted/task_loss 0.8035460710525513
weighted/prior_loss_var_l1 58.212825775146484
weighted/prior_loss_var_l2 0.0
weighted/loss_r_feature 53.10149002075195
weighted/loss_r_feature_first 2.1493852138519287
unweighted/task_loss 1.6070921421051025
unweighted/prior_loss_var_l1 0.7761710286140442
unweighted/prior_loss_var_l2 1822.4649658203125
unweighted/loss_r_feature 531.014892578125
unweighted/loss_r_feature_first 1.0746926069259644
unweighted/inputs_norm 285.2737731933594
learning_Rate 0.19462886953806702
--------------------------------------------------
ITERATION: 263
weighted/total_loss 113.08751678466797
weighted/task_loss 0.640472948551178
weighted/prior_loss_var_l1 60.87202835083008
weighted/prior_loss_var_l2 0.0
weighted/loss_r_feature 49.489234924316406
weighted/loss_r_feature_first 2.0857739448547363
unweighted/task_loss 1.280945897102356
unweighted/prior_loss_var_l1 0.8116270303726196
unweighted/prior_loss_var_l2 1925.7474365234375
unweighted/loss_r_feature 494.892333984375
unweighted/loss_r_feature_first 1.0428869724273682
unweighted/inputs_norm 287.3983459472656
learning_Rate 0.19458816487749006
--------------------------------------------------
ITERATION: 264
weighted/total_loss 107.85625457763672
weighted/task_loss 0.940007746219635
weighted/prior_loss_var_l1 57.722572326660156
weighted/prior_loss_var_l2 0.0
weighted/loss_r_feature 47.3332633972168
weighted/loss_r_feature_first 1.860413670539856
unweighted/task_loss 1.88001549243927
unweighted/prior_loss_var_l1 0.7696343064308167
unweighted/prior_loss_var_l2 1838.6298828125
unweighted/loss_r_feature 473.3326416015625
unweighted/loss_r_feature_first 0.930206835269928
unweighted/inputs_norm 286.3558349609375
learning_Rate 0.19454731084928978
--------------------------------------------------
ITERATION: 265
weighted/total_loss 150.1867218017578
weighted/task_loss 12.521038055419922
weighted/prior_loss_var_l1 60.253849029541016
weighted/prior_loss_var_l2 0.0
weighted/loss_r_feature 75.56295013427734
weighted/loss_r_feature_first 1.8488860130310059
unweighted/task_loss 25.042076110839844
unweighted/prior_loss_var_l1 0.8033846616744995
unweighted/prior_loss_var_l2 1868.736572265625
unweighted/loss_r_feature 755.6294555664062
unweighted/loss_r_feature_first 0.9244430065155029
unweighted/inputs_norm 286.2462463378906
learning_Rate 0.19450630751798031
--------------------------------------------------
ITERATION: 266
weighted/total_loss 130.51669311523438
weighted/task_loss 6.527433395385742
weighted/prior_loss_var_l1 62.41522216796875
weighted/prior_loss_var_l2 0.0
weighted/loss_r_feature 59.060089111328125
weighted/loss_r_feature_first 2.5139505863189697
unweighted/task_loss 13.054866790771484
unweighted/prior_loss_var_l1 0.8322029709815979
unweighted/prior_loss_var_l2 1995.025634765625
unweighted/loss_r_feature 590.6008911132812
unweighted/loss_r_feature_first 1.2569752931594849
unweighted/inputs_norm 288.8113708496094
learning_Rate 0.1944651549483115
--------------------------------------------------
ITERATION: 267
weighted/total_loss 123.03863525390625
weighted/task_loss 2.821258068084717
weighted/prior_loss_var_l1 64.21208953857422
weighted/prior_loss_var_l2 0.0
weighted/loss_r_feature 53.58447265625
weighted/loss_r_feature_first 2.4208128452301025
unweighted/task_loss 5.642516136169434
unweighted/prior_loss_var_l1 0.8561611771583557
unweighted/prior_loss_var_l2 1991.654296875
unweighted/loss_r_feature 535.8447265625
unweighted/loss_r_feature_first 1.2104064226150513
unweighted/inputs_norm 288.25311279296875
learning_Rate 0.1944238532052689
--------------------------------------------------
ITERATION: 268
weighted/total_loss 140.11549377441406
weighted/task_loss 1.1573947668075562
weighted/prior_loss_var_l1 64.11517333984375
weighted/prior_loss_var_l2 0.0
weighted/loss_r_feature 72.5525131225586
weighted/loss_r_feature_first 2.290422201156616
unweighted/task_loss 2.3147895336151123
unweighted/prior_loss_var_l1 0.85486900806427
unweighted/prior_loss_var_l2 2010.21435546875
unweighted/loss_r_feature 725.525146484375
unweighted/loss_r_feature_first 1.145211100578308
unweighted/inputs_norm 285.65521240234375
learning_Rate 0.19438240235407356
--------------------------------------------------
ITERATION: 269
weighted/total_loss 126.76158142089844
weighted/task_loss 3.577078342437744
weighted/prior_loss_var_l1 62.60227966308594
weighted/prior_loss_var_l2 0.0
weighted/loss_r_feature 58.490455627441406
weighted/loss_r_feature_first 2.0917694568634033
unweighted/task_loss 7.154156684875488
unweighted/prior_loss_var_l1 0.8346970677375793
unweighted/prior_loss_var_l2 1980.9635009765625
unweighted/loss_r_feature 584.904541015625
unweighted/loss_r_feature_first 1.0458847284317017
unweighted/inputs_norm 286.35040283203125
learning_Rate 0.19434080246018204
--------------------------------------------------
ITERATION: 270
weighted/total_loss 132.8574981689453
weighted/task_loss 0.751722514629364
weighted/prior_loss_var_l1 69.36766815185547
weighted/prior_loss_var_l2 0.0
weighted/loss_r_feature 59.837135314941406
weighted/loss_r_feature_first 2.900970458984375
unweighted/task_loss 1.503445029258728
unweighted/prior_loss_var_l1 0.9249022006988525
unweighted/prior_loss_var_l2 2196.43603515625
unweighted/loss_r_feature 598.371337890625
unweighted/loss_r_feature_first 1.4504852294921875
unweighted/inputs_norm 286.1708984375
learning_Rate 0.19429905358928629
--------------------------------------------------
ITERATION: 271
weighted/total_loss 104.04273986816406
weighted/task_loss 0.7680485844612122
weighted/prior_loss_var_l1 54.43137741088867
weighted/prior_loss_var_l2 0.0
weighted/loss_r_feature 47.3250846862793
weighted/loss_r_feature_first 1.5182342529296875
unweighted/task_loss 1.5360971689224243
unweighted/prior_loss_var_l1 0.7257516980171204
unweighted/prior_loss_var_l2 1713.7694091796875
unweighted/loss_r_feature 473.2508239746094
unweighted/loss_r_feature_first 0.7591171264648438
unweighted/inputs_norm 283.8607177734375
learning_Rate 0.1942571558073134
--------------------------------------------------
ITERATION: 272
weighted/total_loss 111.70329284667969
weighted/task_loss 5.432994842529297
weighted/prior_loss_var_l1 55.960994720458984
weighted/prior_loss_var_l2 0.0
weighted/loss_r_feature 48.412445068359375
weighted/loss_r_feature_first 1.8968555927276611
unweighted/task_loss 10.865989685058594
unweighted/prior_loss_var_l1 0.7461466193199158
unweighted/prior_loss_var_l2 1774.3651123046875
unweighted/loss_r_feature 484.12445068359375
unweighted/loss_r_feature_first 0.9484277963638306
unweighted/inputs_norm 283.0354919433594
learning_Rate 0.19421510918042575
--------------------------------------------------
ITERATION: 273
weighted/total_loss 128.51683044433594
weighted/task_loss 1.5477248430252075
weighted/prior_loss_var_l1 67.6922378540039
weighted/prior_loss_var_l2 0.0
weighted/loss_r_feature 56.6064338684082
weighted/loss_r_feature_first 2.670442581176758
unweighted/task_loss 3.095449686050415
unweighted/prior_loss_var_l1 0.9025631546974182
unweighted/prior_loss_var_l2 2201.2255859375
unweighted/loss_r_feature 566.0643310546875
unweighted/loss_r_feature_first 1.335221290588379
unweighted/inputs_norm 285.8133850097656
learning_Rate 0.1941729137750207
--------------------------------------------------
ITERATION: 274
weighted/total_loss 113.87998962402344
weighted/task_loss 8.873917579650879
weighted/prior_loss_var_l1 57.60834503173828
weighted/prior_loss_var_l2 0.0
weighted/loss_r_feature 45.437782287597656
weighted/loss_r_feature_first 1.9599435329437256
unweighted/task_loss 17.747835159301758
unweighted/prior_loss_var_l1 0.7681112885475159
unweighted/prior_loss_var_l2 1864.3668212890625
unweighted/loss_r_feature 454.3778076171875
unweighted/loss_r_feature_first 0.9799717664718628
unweighted/inputs_norm 283.87200927734375
learning_Rate 0.1941305696577305
--------------------------------------------------
ITERATION: 275
weighted/total_loss 127.75558471679688
weighted/task_loss 5.281702041625977
weighted/prior_loss_var_l1 62.57286071777344
weighted/prior_loss_var_l2 0.0
weighted/loss_r_feature 57.863033294677734
weighted/loss_r_feature_first 2.0379953384399414
unweighted/task_loss 10.563404083251953
unweighted/prior_loss_var_l1 0.8343048095703125
unweighted/prior_loss_var_l2 1975.0631103515625
unweighted/loss_r_feature 578.6303100585938
unweighted/loss_r_feature_first 1.0189976692199707
unweighted/inputs_norm 283.54302978515625
learning_Rate 0.1940880768954224
--------------------------------------------------
ITERATION: 276
weighted/total_loss 126.82550048828125
weighted/task_loss 6.962280750274658
weighted/prior_loss_var_l1 62.76127243041992
weighted/prior_loss_var_l2 0.0
weighted/loss_r_feature 54.722930908203125
weighted/loss_r_feature_first 2.3790149688720703
unweighted/task_loss 13.924561500549316
unweighted/prior_loss_var_l1 0.8368169665336609
unweighted/prior_loss_var_l2 2033.679443359375
unweighted/loss_r_feature 547.2293090820312
unweighted/loss_r_feature_first 1.1895074844360352
unweighted/inputs_norm 286.2111511230469
learning_Rate 0.19404543555519815
--------------------------------------------------
ITERATION: 277
weighted/total_loss 121.07621765136719
weighted/task_loss 4.159964084625244
weighted/prior_loss_var_l1 62.82297134399414
weighted/prior_loss_var_l2 0.0
weighted/loss_r_feature 51.963592529296875
weighted/loss_r_feature_first 2.129694700241089
unweighted/task_loss 8.319928169250488
unweighted/prior_loss_var_l1 0.8376396298408508
unweighted/prior_loss_var_l2 2047.041015625
unweighted/loss_r_feature 519.6359252929688
unweighted/loss_r_feature_first 1.0648473501205444
unweighted/inputs_norm 285.8093566894531
learning_Rate 0.1940026457043943
--------------------------------------------------
ITERATION: 278
weighted/total_loss 121.5692138671875
weighted/task_loss 3.0424203872680664
weighted/prior_loss_var_l1 61.87858963012695
weighted/prior_loss_var_l2 0.0
weighted/loss_r_feature 54.28582763671875
weighted/loss_r_feature_first 2.3623769283294678
unweighted/task_loss 6.084840774536133
unweighted/prior_loss_var_l1 0.8250478506088257
unweighted/prior_loss_var_l2 2048.54248046875
unweighted/loss_r_feature 542.8582763671875
unweighted/loss_r_feature_first 1.1811884641647339
unweighted/inputs_norm 284.7287292480469
learning_Rate 0.19395970741058186
--------------------------------------------------
ITERATION: 279
weighted/total_loss 127.65101623535156
weighted/task_loss 1.5633320808410645
weighted/prior_loss_var_l1 67.9187240600586
weighted/prior_loss_var_l2 0.0
weighted/loss_r_feature 55.6378173828125
weighted/loss_r_feature_first 2.5311410427093506
unweighted/task_loss 3.126664161682129
unweighted/prior_loss_var_l1 0.9055829644203186
unweighted/prior_loss_var_l2 2109.884033203125
unweighted/loss_r_feature 556.378173828125
unweighted/loss_r_feature_first 1.2655705213546753
unweighted/inputs_norm 285.2062683105469
learning_Rate 0.19391662074156626
--------------------------------------------------
ITERATION: 280
weighted/total_loss 115.19126892089844
weighted/task_loss 0.9060589671134949
weighted/prior_loss_var_l1 61.6844596862793
weighted/prior_loss_var_l2 0.0
weighted/loss_r_feature 50.52853775024414
weighted/loss_r_feature_first 2.0722084045410156
unweighted/task_loss 1.8121179342269897
unweighted/prior_loss_var_l1 0.8224594593048096
unweighted/prior_loss_var_l2 1929.8033447265625
unweighted/loss_r_feature 505.2853698730469
unweighted/loss_r_feature_first 1.0361042022705078
unweighted/inputs_norm 284.0489196777344
learning_Rate 0.19387338576538724
--------------------------------------------------
ITERATION: 281
weighted/total_loss 123.68191528320312
weighted/task_loss 3.3853530883789062
weighted/prior_loss_var_l1 54.72517013549805
weighted/prior_loss_var_l2 0.0
weighted/loss_r_feature 63.8769645690918
weighted/loss_r_feature_first 1.6944301128387451
unweighted/task_loss 6.7707061767578125
unweighted/prior_loss_var_l1 0.729668915271759
unweighted/prior_loss_var_l2 1761.6600341796875
unweighted/loss_r_feature 638.7696533203125
unweighted/loss_r_feature_first 0.8472150564193726
unweighted/inputs_norm 282.6842041015625
learning_Rate 0.19383000255031868
--------------------------------------------------
ITERATION: 282
weighted/total_loss 131.8798828125
weighted/task_loss 5.130246162414551
weighted/prior_loss_var_l1 64.19139862060547
weighted/prior_loss_var_l2 0.0
weighted/loss_r_feature 60.51316452026367
weighted/loss_r_feature_first 2.045072078704834
unweighted/task_loss 10.260492324829102
unweighted/prior_loss_var_l1 0.8558852672576904
unweighted/prior_loss_var_l2 2062.82958984375
unweighted/loss_r_feature 605.1316528320312
unweighted/loss_r_feature_first 1.022536039352417
unweighted/inputs_norm 285.9569396972656
learning_Rate 0.1937864711648687
--------------------------------------------------
ITERATION: 283
weighted/total_loss 128.107177734375
weighted/task_loss 3.160040855407715
weighted/prior_loss_var_l1 66.86848449707031
weighted/prior_loss_var_l2 0.0
weighted/loss_r_feature 55.90999984741211
weighted/loss_r_feature_first 2.1686530113220215
unweighted/task_loss 6.32008171081543
unweighted/prior_loss_var_l1 0.8915797472000122
unweighted/prior_loss_var_l2 2110.321044921875
unweighted/loss_r_feature 559.0999755859375
unweighted/loss_r_feature_first 1.0843265056610107
unweighted/inputs_norm 285.7862548828125
learning_Rate 0.19374279167777922
--------------------------------------------------
ITERATION: 284
weighted/total_loss 111.2453384399414
weighted/task_loss 1.2609633207321167
weighted/prior_loss_var_l1 57.50025939941406
weighted/prior_loss_var_l2 0.0
weighted/loss_r_feature 50.5453987121582
weighted/loss_r_feature_first 1.9387142658233643
unweighted/task_loss 2.5219266414642334
unweighted/prior_loss_var_l1 0.7666701078414917
unweighted/prior_loss_var_l2 1891.5787353515625
unweighted/loss_r_feature 505.4539794921875
unweighted/loss_r_feature_first 0.9693571329116821
unweighted/inputs_norm 283.9289245605469
learning_Rate 0.19369896415802612
--------------------------------------------------
ITERATION: 285
weighted/total_loss 108.62295532226562
weighted/task_loss 0.7381147742271423
weighted/prior_loss_var_l1 57.55951690673828
weighted/prior_loss_var_l2 0.0
weighted/loss_r_feature 48.62556076049805
weighted/loss_r_feature_first 1.6997718811035156
unweighted/task_loss 1.4762295484542847
unweighted/prior_loss_var_l1 0.7674602270126343
unweighted/prior_loss_var_l2 1839.2557373046875
unweighted/loss_r_feature 486.255615234375
unweighted/loss_r_feature_first 0.8498859405517578
unweighted/inputs_norm 284.7046813964844
learning_Rate 0.19365498867481906
--------------------------------------------------
ITERATION: 286
weighted/total_loss 111.87560272216797
weighted/task_loss 0.769999086856842
weighted/prior_loss_var_l1 57.69063186645508
weighted/prior_loss_var_l2 0.0
weighted/loss_r_feature 51.62805938720703
weighted/loss_r_feature_first 1.786908745765686
unweighted/task_loss 1.539998173713684
unweighted/prior_loss_var_l1 0.7692084312438965
unweighted/prior_loss_var_l2 1857.499755859375
unweighted/loss_r_feature 516.2805786132812
unweighted/loss_r_feature_first 0.893454372882843
unweighted/inputs_norm 283.2171630859375
learning_Rate 0.19361086529760133
--------------------------------------------------
ITERATION: 287
weighted/total_loss 116.43645477294922
weighted/task_loss 0.6551515460014343
weighted/prior_loss_var_l1 60.793113708496094
weighted/prior_loss_var_l2 0.0
weighted/loss_r_feature 52.748958587646484
weighted/loss_r_feature_first 2.2392382621765137
unweighted/task_loss 1.3103030920028687
unweighted/prior_loss_var_l1 0.8105748295783997
unweighted/prior_loss_var_l2 1900.234130859375
unweighted/loss_r_feature 527.4895629882812
unweighted/loss_r_feature_first 1.1196191310882568
unweighted/inputs_norm 283.61651611328125
learning_Rate 0.1935665940960497
--------------------------------------------------
ITERATION: 288
weighted/total_loss 108.00648498535156
weighted/task_loss 0.7287858724594116
weighted/prior_loss_var_l1 57.8487434387207
weighted/prior_loss_var_l2 0.0
weighted/loss_r_feature 47.51332092285156
weighted/loss_r_feature_first 1.915635108947754
unweighted/task_loss 1.4575717449188232
unweighted/prior_loss_var_l1 0.7713165879249573
unweighted/prior_loss_var_l2 1827.0269775390625
unweighted/loss_r_feature 475.1332092285156
unweighted/loss_r_feature_first 0.957817554473877
unweighted/inputs_norm 285.230712890625
learning_Rate 0.19352217514007453
--------------------------------------------------
ITERATION: 289
weighted/total_loss 116.13680267333984
weighted/task_loss 0.5719829797744751
weighted/prior_loss_var_l1 62.61406326293945
weighted/prior_loss_var_l2 0.0
weighted/loss_r_feature 50.49225997924805
weighted/loss_r_feature_first 2.458494186401367
unweighted/task_loss 1.1439659595489502
unweighted/prior_loss_var_l1 0.8348541855812073
unweighted/prior_loss_var_l2 1935.195068359375
unweighted/loss_r_feature 504.922607421875
unweighted/loss_r_feature_first 1.2292470932006836
unweighted/inputs_norm 283.4503479003906
learning_Rate 0.19347760849981935
--------------------------------------------------
ITERATION: 290
weighted/total_loss 110.06730651855469
weighted/task_loss 8.64761734008789
weighted/prior_loss_var_l1 54.4700813293457
weighted/prior_loss_var_l2 0.0
weighted/loss_r_feature 44.88582992553711
weighted/loss_r_feature_first 2.0637855529785156
unweighted/task_loss 17.29523468017578
unweighted/prior_loss_var_l1 0.7262677550315857
unweighted/prior_loss_var_l2 1727.2972412109375
unweighted/loss_r_feature 448.8582763671875
unweighted/loss_r_feature_first 1.0318927764892578
unweighted/inputs_norm 284.76519775390625
learning_Rate 0.193432894245661
--------------------------------------------------
ITERATION: 291
weighted/total_loss 111.29744720458984
weighted/task_loss 0.7984219789505005
weighted/prior_loss_var_l1 60.22051239013672
weighted/prior_loss_var_l2 0.0
weighted/loss_r_feature 47.9742546081543
weighted/loss_r_feature_first 2.304253101348877
unweighted/task_loss 1.596843957901001
unweighted/prior_loss_var_l1 0.8029401898384094
unweighted/prior_loss_var_l2 1908.8719482421875
unweighted/loss_r_feature 479.7425537109375
unweighted/loss_r_feature_first 1.1521265506744385
unweighted/inputs_norm 285.5254211425781
learning_Rate 0.19338803244820943
--------------------------------------------------
ITERATION: 292
weighted/total_loss 131.41485595703125
weighted/task_loss 1.7682623863220215
weighted/prior_loss_var_l1 61.68143844604492
weighted/prior_loss_var_l2 0.0
weighted/loss_r_feature 65.66251373291016
weighted/loss_r_feature_first 2.3026485443115234
unweighted/task_loss 3.536524772644043
unweighted/prior_loss_var_l1 0.8224191665649414
unweighted/prior_loss_var_l2 1979.6541748046875
unweighted/loss_r_feature 656.6251220703125
unweighted/loss_r_feature_first 1.1513242721557617
unweighted/inputs_norm 284.21826171875
learning_Rate 0.19334302317830745
--------------------------------------------------
ITERATION: 293
weighted/total_loss 125.16484069824219
weighted/task_loss 7.819729328155518
weighted/prior_loss_var_l1 61.22412872314453
weighted/prior_loss_var_l2 0.0
weighted/loss_r_feature 53.56182861328125
weighted/loss_r_feature_first 2.559149742126465
unweighted/task_loss 15.639458656311035
unweighted/prior_loss_var_l1 0.8163217306137085
unweighted/prior_loss_var_l2 1956.24072265625
unweighted/loss_r_feature 535.6182861328125
unweighted/loss_r_feature_first 1.2795748710632324
unweighted/inputs_norm 286.89031982421875
learning_Rate 0.19329786650703093
--------------------------------------------------
ITERATION: 294
weighted/total_loss 123.37399291992188
weighted/task_loss 0.838188111782074
weighted/prior_loss_var_l1 65.11717224121094
weighted/prior_loss_var_l2 0.0
weighted/loss_r_feature 55.2735481262207
weighted/loss_r_feature_first 2.1450836658477783
unweighted/task_loss 1.676376223564148
unweighted/prior_loss_var_l1 0.8682289123535156
unweighted/prior_loss_var_l2 2054.364501953125
unweighted/loss_r_feature 552.7354736328125
unweighted/loss_r_feature_first 1.0725418329238892
unweighted/inputs_norm 287.4171142578125
learning_Rate 0.19325256250568834
--------------------------------------------------
ITERATION: 295
weighted/total_loss 130.63705444335938
weighted/task_loss 0.7680026292800903
weighted/prior_loss_var_l1 58.91051483154297
weighted/prior_loss_var_l2 0.0
weighted/loss_r_feature 69.22472381591797
weighted/loss_r_feature_first 1.7338132858276367
unweighted/task_loss 1.5360052585601807
unweighted/prior_loss_var_l1 0.7854735255241394
unweighted/prior_loss_var_l2 1828.782958984375
unweighted/loss_r_feature 692.2471923828125
unweighted/loss_r_feature_first 0.8669066429138184
unweighted/inputs_norm 284.67852783203125
learning_Rate 0.1932071112458209
--------------------------------------------------
ITERATION: 296
weighted/total_loss 119.3963623046875
weighted/task_loss 0.5439234375953674
weighted/prior_loss_var_l1 62.980735778808594
weighted/prior_loss_var_l2 0.0
weighted/loss_r_feature 53.97208786010742
weighted/loss_r_feature_first 1.8996154069900513
unweighted/task_loss 1.0878468751907349
unweighted/prior_loss_var_l1 0.8397431373596191
unweighted/prior_loss_var_l2 1956.6171875
unweighted/loss_r_feature 539.7208862304688
unweighted/loss_r_feature_first 0.9498077034950256
unweighted/inputs_norm 286.8586730957031
learning_Rate 0.1931615127992024
--------------------------------------------------
ITERATION: 297
weighted/total_loss 105.96627044677734
weighted/task_loss 0.6001267433166504
weighted/prior_loss_var_l1 56.93428421020508
weighted/prior_loss_var_l2 0.0
weighted/loss_r_feature 46.15117263793945
weighted/loss_r_feature_first 2.2806878089904785
unweighted/task_loss 1.2002534866333008
unweighted/prior_loss_var_l1 0.7591238021850586
unweighted/prior_loss_var_l2 1835.841064453125
unweighted/loss_r_feature 461.51171875
unweighted/loss_r_feature_first 1.1403439044952393
unweighted/inputs_norm 285.06634521484375
learning_Rate 0.193115767237839
--------------------------------------------------
ITERATION: 298
weighted/total_loss 115.78317260742188
weighted/task_loss 0.9509165287017822
weighted/prior_loss_var_l1 61.4539680480957
weighted/prior_loss_var_l2 0.0
weighted/loss_r_feature 51.23942947387695
weighted/loss_r_feature_first 2.13885498046875
unweighted/task_loss 1.9018330574035645
unweighted/prior_loss_var_l1 0.8193862438201904
unweighted/prior_loss_var_l2 1917.750244140625
unweighted/loss_r_feature 512.394287109375
unweighted/loss_r_feature_first 1.069427490234375
unweighted/inputs_norm 285.6622009277344
learning_Rate 0.19306987463396913
--------------------------------------------------
ITERATION: 299
weighted/total_loss 159.6309356689453
weighted/task_loss 10.445171356201172
weighted/prior_loss_var_l1 62.19076156616211
weighted/prior_loss_var_l2 0.0
weighted/loss_r_feature 84.78145599365234
weighted/loss_r_feature_first 2.213547706604004
unweighted/task_loss 20.890342712402344
unweighted/prior_loss_var_l1 0.8292101621627808
unweighted/prior_loss_var_l2 1954.3150634765625
unweighted/loss_r_feature 847.8145751953125
unweighted/loss_r_feature_first 1.106773853302002
unweighted/inputs_norm 285.1976318359375
learning_Rate 0.19302383506006351
--------------------------------------------------
ITERATION: 300
weighted/total_loss 139.62460327148438
weighted/task_loss 8.086475372314453
weighted/prior_loss_var_l1 63.757904052734375
weighted/prior_loss_var_l2 0.0
weighted/loss_r_feature 65.51937103271484
weighted/loss_r_feature_first 2.260862350463867
unweighted/task_loss 16.172950744628906
unweighted/prior_loss_var_l1 0.8501054048538208
unweighted/prior_loss_var_l2 2006.9482421875
unweighted/loss_r_feature 655.1937255859375
unweighted/loss_r_feature_first 1.1304311752319336
unweighted/inputs_norm 286.5798034667969
learning_Rate 0.19297764858882493
Verifier InvImage mPrec: 0.2415 mRec: 0.6667 mAP: 0.6078 mF1: 0.3445 
Teacher InvImage mPrec: 0.2415 mRec: 0.6667 mAP: 0.6078 mF1: 0.3445 
--------------------------------------------------
ITERATION: 301
weighted/total_loss 137.0675506591797
weighted/task_loss 3.412263870239258
weighted/prior_loss_var_l1 69.02204132080078
weighted/prior_loss_var_l2 0.0
weighted/loss_r_feature 61.96035385131836
weighted/loss_r_feature_first 2.6728906631469727
unweighted/task_loss 6.824527740478516
unweighted/prior_loss_var_l1 0.920293927192688
unweighted/prior_loss_var_l2 2160.78857421875
unweighted/loss_r_feature 619.603515625
unweighted/loss_r_feature_first 1.3364453315734863
unweighted/inputs_norm 286.22503662109375
learning_Rate 0.19293131529318813
--------------------------------------------------
ITERATION: 302
weighted/total_loss 121.35348510742188
weighted/task_loss 1.5073994398117065
weighted/prior_loss_var_l1 63.4117431640625
weighted/prior_loss_var_l2 0.0
weighted/loss_r_feature 54.45527267456055
weighted/loss_r_feature_first 1.979065179824829
unweighted/task_loss 3.014798879623413
unweighted/prior_loss_var_l1 0.8454899191856384
unweighted/prior_loss_var_l2 2017.243896484375
unweighted/loss_r_feature 544.552734375
unweighted/loss_r_feature_first 0.9895325899124146
unweighted/inputs_norm 285.4140319824219
learning_Rate 0.19288483524631972
--------------------------------------------------
ITERATION: 303
weighted/total_loss 124.22171020507812
weighted/task_loss 4.786789894104004
weighted/prior_loss_var_l1 62.28135681152344
weighted/prior_loss_var_l2 0.0
weighted/loss_r_feature 55.19211959838867
weighted/loss_r_feature_first 1.9614403247833252
unweighted/task_loss 9.573579788208008
unweighted/prior_loss_var_l1 0.8304181098937988
unweighted/prior_loss_var_l2 1986.5560302734375
unweighted/loss_r_feature 551.9212036132812
unweighted/loss_r_feature_first 0.9807201623916626
unweighted/inputs_norm 283.30859375
learning_Rate 0.19283820852161795
--------------------------------------------------
ITERATION: 304
weighted/total_loss 122.98129272460938
weighted/task_loss 1.7757792472839355
weighted/prior_loss_var_l1 63.673580169677734
weighted/prior_loss_var_l2 0.0
weighted/loss_r_feature 55.36614990234375
weighted/loss_r_feature_first 2.1657872200012207
unweighted/task_loss 3.551558494567871
unweighted/prior_loss_var_l1 0.8489810824394226
unweighted/prior_loss_var_l2 2007.57275390625
unweighted/loss_r_feature 553.6614990234375
unweighted/loss_r_feature_first 1.0828936100006104
unweighted/inputs_norm 285.7441101074219
learning_Rate 0.19279143519271288
--------------------------------------------------
ITERATION: 305
weighted/total_loss 120.7298355102539
weighted/task_loss 1.195838451385498
weighted/prior_loss_var_l1 65.07445526123047
weighted/prior_loss_var_l2 0.0
weighted/loss_r_feature 51.81801986694336
weighted/loss_r_feature_first 2.641517162322998
unweighted/task_loss 2.391676902770996
unweighted/prior_loss_var_l1 0.8676594495773315
unweighted/prior_loss_var_l2 2044.7459716796875
unweighted/loss_r_feature 518.18017578125
unweighted/loss_r_feature_first 1.320758581161499
unweighted/inputs_norm 285.028076171875
learning_Rate 0.19274451533346593
