Initialization mAP: 0.995 | mF1: 1.0 | mPrec: 1.0 | mRec: 1.0
Verifier RealImage mPrec: 1.0 mRec: 1.0 mAP: 0.995 mF1: 1.0 
Teacher RealImage mPrec: 1.0 mRec: 1.0 mAP: 0.995 mF1: 1.0 
Real batch losses: tv L1: 0.0692 tv L2: 329.7309 task: 0.9839 di: 429.0443
--------------------------------------------------
ITERATION: 1
weighted/total_loss 6.808917999267578
weighted/task_loss 1.2517204284667969
weighted/prior_loss_var_l1 0.0
weighted/prior_loss_var_l2 0.0
weighted/loss_r_feature 4.6552653312683105
weighted/loss_r_feature_first 0.9019324779510498
unweighted/task_loss 0.8344802856445312
unweighted/prior_loss_var_l1 0.07095306366682053
unweighted/prior_loss_var_l2 339.9289245605469
unweighted/loss_r_feature 465.52655029296875
unweighted/loss_r_feature_first 0.4509662389755249
unweighted/inputs_norm 203.6260986328125
learning_Rate 0.09999999013039593
--------------------------------------------------
ITERATION: 2
weighted/total_loss 34.29767608642578
weighted/task_loss 25.65172576904297
weighted/prior_loss_var_l1 0.0
weighted/prior_loss_var_l2 0.0
weighted/loss_r_feature 7.487061977386475
weighted/loss_r_feature_first 1.158888578414917
unweighted/task_loss 17.101150512695312
unweighted/prior_loss_var_l1 0.34137022495269775
unweighted/prior_loss_var_l2 880.2892456054688
unweighted/loss_r_feature 748.7062377929688
unweighted/loss_r_feature_first 0.5794442892074585
unweighted/inputs_norm 176.63345336914062
learning_Rate 0.0999999605215876
--------------------------------------------------
ITERATION: 3
weighted/total_loss 12.007539749145508
weighted/task_loss 4.653118133544922
weighted/prior_loss_var_l1 0.0
weighted/prior_loss_var_l2 0.0
weighted/loss_r_feature 6.881910800933838
weighted/loss_r_feature_first 0.4725114107131958
unweighted/task_loss 3.102078914642334
unweighted/prior_loss_var_l1 0.39715319871902466
unweighted/prior_loss_var_l2 1001.4757690429688
unweighted/loss_r_feature 688.1911010742188
unweighted/loss_r_feature_first 0.2362557053565979
unweighted/inputs_norm 161.99636840820312
learning_Rate 0.0999999111735867
--------------------------------------------------
ITERATION: 4
weighted/total_loss 15.81654167175293
weighted/task_loss 7.613626956939697
weighted/prior_loss_var_l1 0.0
weighted/prior_loss_var_l2 0.0
weighted/loss_r_feature 6.898653507232666
weighted/loss_r_feature_first 1.3042614459991455
unweighted/task_loss 5.075751304626465
unweighted/prior_loss_var_l1 0.3883558213710785
unweighted/prior_loss_var_l2 986.951416015625
unweighted/loss_r_feature 689.8653564453125
unweighted/loss_r_feature_first 0.6521307229995728
unweighted/inputs_norm 155.0148468017578
learning_Rate 0.09999984208641272
--------------------------------------------------
ITERATION: 5
weighted/total_loss 32.63624954223633
weighted/task_loss 24.44231414794922
weighted/prior_loss_var_l1 0.0
weighted/prior_loss_var_l2 0.0
weighted/loss_r_feature 7.05869722366333
weighted/loss_r_feature_first 1.1352399587631226
unweighted/task_loss 16.294876098632812
unweighted/prior_loss_var_l1 0.4308892786502838
unweighted/prior_loss_var_l2 1113.9893798828125
unweighted/loss_r_feature 705.8697509765625
unweighted/loss_r_feature_first 0.5676199793815613
unweighted/inputs_norm 152.09246826171875
learning_Rate 0.09999975326009293
--------------------------------------------------
ITERATION: 6
weighted/total_loss 42.388057708740234
weighted/task_loss 35.259666442871094
weighted/prior_loss_var_l1 0.0
weighted/prior_loss_var_l2 0.0
weighted/loss_r_feature 6.591136932373047
weighted/loss_r_feature_first 0.5372528433799744
unweighted/task_loss 23.506444931030273
unweighted/prior_loss_var_l1 0.44977375864982605
unweighted/prior_loss_var_l2 1159.857666015625
unweighted/loss_r_feature 659.1137084960938
unweighted/loss_r_feature_first 0.2686264216899872
unweighted/inputs_norm 150.83901977539062
learning_Rate 0.09999964469466237
--------------------------------------------------
ITERATION: 7
weighted/total_loss 10.809550285339355
weighted/task_loss 2.9408936500549316
weighted/prior_loss_var_l1 0.0
weighted/prior_loss_var_l2 0.0
weighted/loss_r_feature 7.015538215637207
weighted/loss_r_feature_first 0.8531179428100586
unweighted/task_loss 1.960595726966858
unweighted/prior_loss_var_l1 0.508285641670227
unweighted/prior_loss_var_l2 1321.6121826171875
unweighted/loss_r_feature 701.5538330078125
unweighted/loss_r_feature_first 0.4265589714050293
unweighted/inputs_norm 150.88427734375
learning_Rate 0.09999951639016395
--------------------------------------------------
ITERATION: 8
weighted/total_loss 15.114747047424316
weighted/task_loss 7.013400077819824
weighted/prior_loss_var_l1 0.0
weighted/prior_loss_var_l2 0.0
weighted/loss_r_feature 7.166434288024902
weighted/loss_r_feature_first 0.9349127411842346
unweighted/task_loss 4.675600051879883
unweighted/prior_loss_var_l1 0.5285922884941101
unweighted/prior_loss_var_l2 1389.639892578125
unweighted/loss_r_feature 716.6434326171875
unweighted/loss_r_feature_first 0.4674563705921173
unweighted/inputs_norm 151.18597412109375
learning_Rate 0.0999993683466483
--------------------------------------------------
ITERATION: 9
weighted/total_loss 10.763290405273438
weighted/task_loss 3.0060696601867676
weighted/prior_loss_var_l1 0.0
weighted/prior_loss_var_l2 0.0
weighted/loss_r_feature 6.624894142150879
weighted/loss_r_feature_first 1.132326364517212
unweighted/task_loss 2.0040464401245117
unweighted/prior_loss_var_l1 0.4830626845359802
unweighted/prior_loss_var_l2 1272.9754638671875
unweighted/loss_r_feature 662.4894409179688
unweighted/loss_r_feature_first 0.566163182258606
unweighted/inputs_norm 151.76019287109375
learning_Rate 0.09999920056417386
--------------------------------------------------
ITERATION: 10
weighted/total_loss 11.774855613708496
weighted/task_loss 3.5594422817230225
weighted/prior_loss_var_l1 0.0
weighted/prior_loss_var_l2 0.0
weighted/loss_r_feature 6.74365234375
weighted/loss_r_feature_first 1.4717607498168945
unweighted/task_loss 2.3729615211486816
unweighted/prior_loss_var_l1 0.49008163809776306
unweighted/prior_loss_var_l2 1333.50927734375
unweighted/loss_r_feature 674.365234375
unweighted/loss_r_feature_first 0.7358803749084473
unweighted/inputs_norm 152.90858459472656
learning_Rate 0.09999901304280687
Verifier InvImage mPrec: 0.8486 mRec: 1.0 mAP: 0.995 mF1: 0.9021 
Teacher InvImage mPrec: 0.8486 mRec: 1.0 mAP: 0.995 mF1: 0.9021 
--------------------------------------------------
ITERATION: 11
weighted/total_loss 12.536102294921875
weighted/task_loss 3.9458699226379395
weighted/prior_loss_var_l1 0.0
weighted/prior_loss_var_l2 0.0
weighted/loss_r_feature 7.025278091430664
weighted/loss_r_feature_first 1.5649547576904297
unweighted/task_loss 2.630579948425293
unweighted/prior_loss_var_l1 0.468045711517334
unweighted/prior_loss_var_l2 1309.83837890625
unweighted/loss_r_feature 702.52783203125
unweighted/loss_r_feature_first 0.7824773788452148
unweighted/inputs_norm 153.58274841308594
learning_Rate 0.09999880578262137
--------------------------------------------------
ITERATION: 12
weighted/total_loss 9.086901664733887
weighted/task_loss 1.9667919874191284
weighted/prior_loss_var_l1 0.0
weighted/prior_loss_var_l2 0.0
weighted/loss_r_feature 6.484109878540039
weighted/loss_r_feature_first 0.6359995007514954
unweighted/task_loss 1.311194658279419
unweighted/prior_loss_var_l1 0.52186518907547
unweighted/prior_loss_var_l2 1445.77587890625
unweighted/loss_r_feature 648.4110107421875
unweighted/loss_r_feature_first 0.3179997503757477
unweighted/inputs_norm 154.8378143310547
learning_Rate 0.09999857878369917
--------------------------------------------------
ITERATION: 13
weighted/total_loss 7.292899131774902
weighted/task_loss 1.1823474168777466
weighted/prior_loss_var_l1 0.0
weighted/prior_loss_var_l2 0.0
weighted/loss_r_feature 5.710345268249512
weighted/loss_r_feature_first 0.4002065658569336
unweighted/task_loss 0.788231611251831
unweighted/prior_loss_var_l1 0.48554131388664246
unweighted/prior_loss_var_l2 1339.29150390625
unweighted/loss_r_feature 571.0345458984375
unweighted/loss_r_feature_first 0.2001032829284668
unweighted/inputs_norm 155.3900604248047
learning_Rate 0.09999833204612987
--------------------------------------------------
ITERATION: 14
weighted/total_loss 9.98083782196045
weighted/task_loss 2.484428644180298
weighted/prior_loss_var_l1 0.0
weighted/prior_loss_var_l2 0.0
weighted/loss_r_feature 6.089823246002197
weighted/loss_r_feature_first 1.4065855741500854
unweighted/task_loss 1.6562857627868652
unweighted/prior_loss_var_l1 0.47345227003097534
unweighted/prior_loss_var_l2 1403.628173828125
unweighted/loss_r_feature 608.9823608398438
unweighted/loss_r_feature_first 0.7032927870750427
unweighted/inputs_norm 156.03868103027344
learning_Rate 0.09999806557001092
--------------------------------------------------
ITERATION: 15
weighted/total_loss 9.089282035827637
weighted/task_loss 0.8962978720664978
weighted/prior_loss_var_l1 0.0
weighted/prior_loss_var_l2 0.0
weighted/loss_r_feature 6.519461631774902
weighted/loss_r_feature_first 1.6735225915908813
unweighted/task_loss 0.5975319147109985
unweighted/prior_loss_var_l1 0.528462290763855
unweighted/prior_loss_var_l2 1454.191162109375
unweighted/loss_r_feature 651.9461669921875
unweighted/loss_r_feature_first 0.8367612957954407
unweighted/inputs_norm 156.99026489257812
learning_Rate 0.0999977793554475
--------------------------------------------------
ITERATION: 16
weighted/total_loss 10.569906234741211
weighted/task_loss 3.9095041751861572
weighted/prior_loss_var_l1 0.0
weighted/prior_loss_var_l2 0.0
weighted/loss_r_feature 5.426043510437012
weighted/loss_r_feature_first 1.2343586683273315
unweighted/task_loss 2.6063361167907715
unweighted/prior_loss_var_l1 0.4704552888870239
unweighted/prior_loss_var_l2 1339.6490478515625
unweighted/loss_r_feature 542.6043701171875
unweighted/loss_r_feature_first 0.6171793341636658
unweighted/inputs_norm 157.28512573242188
learning_Rate 0.09999747340255259
--------------------------------------------------
ITERATION: 17
weighted/total_loss 7.529812812805176
weighted/task_loss 1.3464469909667969
weighted/prior_loss_var_l1 0.0
weighted/prior_loss_var_l2 0.0
weighted/loss_r_feature 5.386416435241699
weighted/loss_r_feature_first 0.7969493865966797
unweighted/task_loss 0.8976312875747681
unweighted/prior_loss_var_l1 0.4890042543411255
unweighted/prior_loss_var_l2 1323.143798828125
unweighted/loss_r_feature 538.6416625976562
unweighted/loss_r_feature_first 0.39847469329833984
unweighted/inputs_norm 158.54676818847656
learning_Rate 0.09999714771144701
--------------------------------------------------
ITERATION: 18
weighted/total_loss 8.424358367919922
weighted/task_loss 2.512965202331543
weighted/prior_loss_var_l1 0.0
weighted/prior_loss_var_l2 0.0
weighted/loss_r_feature 5.051151752471924
weighted/loss_r_feature_first 0.8602416515350342
unweighted/task_loss 1.6753101348876953
unweighted/prior_loss_var_l1 0.5016093254089355
unweighted/prior_loss_var_l2 1382.5399169921875
unweighted/loss_r_feature 505.11517333984375
unweighted/loss_r_feature_first 0.4301208257675171
unweighted/inputs_norm 159.7786407470703
learning_Rate 0.0999968022822593
--------------------------------------------------
ITERATION: 19
weighted/total_loss 7.277181625366211
weighted/task_loss 1.1807974576950073
weighted/prior_loss_var_l1 0.0
weighted/prior_loss_var_l2 0.0
weighted/loss_r_feature 5.132376670837402
weighted/loss_r_feature_first 0.9640073776245117
unweighted/task_loss 0.7871983051300049
unweighted/prior_loss_var_l1 0.5280014872550964
unweighted/prior_loss_var_l2 1463.2982177734375
unweighted/loss_r_feature 513.2376708984375
unweighted/loss_r_feature_first 0.48200368881225586
unweighted/inputs_norm 160.6837615966797
learning_Rate 0.09999643711512585
--------------------------------------------------
ITERATION: 20
weighted/total_loss 9.308324813842773
weighted/task_loss 3.0140912532806396
weighted/prior_loss_var_l1 0.0
weighted/prior_loss_var_l2 0.0
weighted/loss_r_feature 5.097093105316162
weighted/loss_r_feature_first 1.1971408128738403
unweighted/task_loss 2.0093941688537598
unweighted/prior_loss_var_l1 0.46824008226394653
unweighted/prior_loss_var_l2 1346.421630859375
unweighted/loss_r_feature 509.7093200683594
unweighted/loss_r_feature_first 0.5985704064369202
unweighted/inputs_norm 161.4088592529297
learning_Rate 0.09999605221019081
Verifier InvImage mPrec: 0.7535 mRec: 1.0 mAP: 0.995 mF1: 0.8045 
Teacher InvImage mPrec: 0.7535 mRec: 1.0 mAP: 0.995 mF1: 0.8045 
--------------------------------------------------
ITERATION: 21
weighted/total_loss 8.677387237548828
weighted/task_loss 2.2372004985809326
weighted/prior_loss_var_l1 0.0
weighted/prior_loss_var_l2 0.0
weighted/loss_r_feature 5.404105186462402
weighted/loss_r_feature_first 1.0360817909240723
unweighted/task_loss 1.491466999053955
unweighted/prior_loss_var_l1 0.494667649269104
unweighted/prior_loss_var_l2 1433.72021484375
unweighted/loss_r_feature 540.4105224609375
unweighted/loss_r_feature_first 0.5180408954620361
unweighted/inputs_norm 162.32073974609375
learning_Rate 0.09999564756760615
--------------------------------------------------
ITERATION: 22
weighted/total_loss 12.356107711791992
weighted/task_loss 4.204918384552002
weighted/prior_loss_var_l1 0.0
weighted/prior_loss_var_l2 0.0
weighted/loss_r_feature 6.61683464050293
weighted/loss_r_feature_first 1.5343551635742188
unweighted/task_loss 2.803278923034668
unweighted/prior_loss_var_l1 0.5101633667945862
unweighted/prior_loss_var_l2 1446.5830078125
unweighted/loss_r_feature 661.6834716796875
unweighted/loss_r_feature_first 0.7671775817871094
unweighted/inputs_norm 163.13262939453125
learning_Rate 0.09999522318753161
--------------------------------------------------
ITERATION: 23
weighted/total_loss 14.107006072998047
weighted/task_loss 6.428499221801758
weighted/prior_loss_var_l1 0.0
weighted/prior_loss_var_l2 0.0
weighted/loss_r_feature 6.4716362953186035
weighted/loss_r_feature_first 1.2068707942962646
unweighted/task_loss 4.285665988922119
unweighted/prior_loss_var_l1 0.6763644814491272
unweighted/prior_loss_var_l2 1844.7628173828125
unweighted/loss_r_feature 647.1636352539062
unweighted/loss_r_feature_first 0.6034353971481323
unweighted/inputs_norm 164.0955810546875
learning_Rate 0.09999477907013472
--------------------------------------------------
ITERATION: 24
weighted/total_loss 7.9707841873168945
weighted/task_loss 0.8981620073318481
weighted/prior_loss_var_l1 0.0
weighted/prior_loss_var_l2 0.0
weighted/loss_r_feature 5.764979839324951
weighted/loss_r_feature_first 1.3076422214508057
unweighted/task_loss 0.5987746715545654
unweighted/prior_loss_var_l1 0.577964723110199
unweighted/prior_loss_var_l2 1560.697021484375
unweighted/loss_r_feature 576.4979858398438
unweighted/loss_r_feature_first 0.6538211107254028
unweighted/inputs_norm 163.9027099609375
learning_Rate 0.09999431521559082
--------------------------------------------------
ITERATION: 25
weighted/total_loss 30.483924865722656
weighted/task_loss 24.380874633789062
weighted/prior_loss_var_l1 0.0
weighted/prior_loss_var_l2 0.0
weighted/loss_r_feature 5.185194969177246
weighted/loss_r_feature_first 0.9178539514541626
unweighted/task_loss 16.253915786743164
unweighted/prior_loss_var_l1 0.5412939190864563
unweighted/prior_loss_var_l2 1481.20166015625
unweighted/loss_r_feature 518.51953125
unweighted/loss_r_feature_first 0.4589269757270813
unweighted/inputs_norm 164.3720245361328
learning_Rate 0.09999383162408304
--------------------------------------------------
ITERATION: 26
weighted/total_loss 18.15302085876465
weighted/task_loss 11.895566940307617
weighted/prior_loss_var_l1 0.0
weighted/prior_loss_var_l2 0.0
weighted/loss_r_feature 5.110762119293213
weighted/loss_r_feature_first 1.1466922760009766
unweighted/task_loss 7.930377960205078
unweighted/prior_loss_var_l1 0.529447615146637
unweighted/prior_loss_var_l2 1505.8577880859375
unweighted/loss_r_feature 511.07623291015625
unweighted/loss_r_feature_first 0.5733461380004883
unweighted/inputs_norm 165.40855407714844
learning_Rate 0.09999332829580228
--------------------------------------------------
ITERATION: 27
weighted/total_loss 8.13079833984375
weighted/task_loss 1.321289300918579
weighted/prior_loss_var_l1 0.0
weighted/prior_loss_var_l2 0.0
weighted/loss_r_feature 5.82076358795166
weighted/loss_r_feature_first 0.988745927810669
unweighted/task_loss 0.8808594942092896
unweighted/prior_loss_var_l1 0.570195198059082
unweighted/prior_loss_var_l2 1553.37353515625
unweighted/loss_r_feature 582.0763549804688
unweighted/loss_r_feature_first 0.4943729639053345
unweighted/inputs_norm 166.0960693359375
learning_Rate 0.09999280523094725
--------------------------------------------------
ITERATION: 28
weighted/total_loss 9.104954719543457
weighted/task_loss 2.3365023136138916
weighted/prior_loss_var_l1 0.0
weighted/prior_loss_var_l2 0.0
weighted/loss_r_feature 5.3306565284729
weighted/loss_r_feature_first 1.4377957582473755
unweighted/task_loss 1.5576682090759277
unweighted/prior_loss_var_l1 0.5515614151954651
unweighted/prior_loss_var_l2 1562.984619140625
unweighted/loss_r_feature 533.065673828125
unweighted/loss_r_feature_first 0.7188978791236877
unweighted/inputs_norm 166.892333984375
learning_Rate 0.09999226242972445
--------------------------------------------------
ITERATION: 29
weighted/total_loss 7.751596450805664
weighted/task_loss 1.00040602684021
weighted/prior_loss_var_l1 0.0
weighted/prior_loss_var_l2 0.0
weighted/loss_r_feature 5.502600193023682
weighted/loss_r_feature_first 1.2485902309417725
unweighted/task_loss 0.6669373512268066
unweighted/prior_loss_var_l1 0.5970267057418823
unweighted/prior_loss_var_l2 1641.149658203125
unweighted/loss_r_feature 550.260009765625
unweighted/loss_r_feature_first 0.6242951154708862
unweighted/inputs_norm 167.47952270507812
learning_Rate 0.09999169989234816
--------------------------------------------------
ITERATION: 30
weighted/total_loss 9.343941688537598
weighted/task_loss 2.9016647338867188
weighted/prior_loss_var_l1 0.0
weighted/prior_loss_var_l2 0.0
weighted/loss_r_feature 5.247745037078857
weighted/loss_r_feature_first 1.1945312023162842
unweighted/task_loss 1.9344431161880493
unweighted/prior_loss_var_l1 0.4867153763771057
unweighted/prior_loss_var_l2 1395.342041015625
unweighted/loss_r_feature 524.7745361328125
unweighted/loss_r_feature_first 0.5972656011581421
unweighted/inputs_norm 167.81292724609375
learning_Rate 0.09999111761904046
Verifier InvImage mPrec: 0.5832 mRec: 1.0 mAP: 0.8292 mF1: 0.6824 
Teacher InvImage mPrec: 0.5832 mRec: 1.0 mAP: 0.8292 mF1: 0.6824 
--------------------------------------------------
ITERATION: 31
weighted/total_loss 7.296793460845947
weighted/task_loss 1.2012516260147095
weighted/prior_loss_var_l1 0.0
weighted/prior_loss_var_l2 0.0
weighted/loss_r_feature 5.369797229766846
weighted/loss_r_feature_first 0.7257445454597473
unweighted/task_loss 0.8008344173431396
unweighted/prior_loss_var_l1 0.586532711982727
unweighted/prior_loss_var_l2 1647.1907958984375
unweighted/loss_r_feature 536.979736328125
unweighted/loss_r_feature_first 0.36287227272987366
unweighted/inputs_norm 168.88929748535156
learning_Rate 0.09999051561003124
--------------------------------------------------
ITERATION: 32
weighted/total_loss 7.95844841003418
weighted/task_loss 2.169039726257324
weighted/prior_loss_var_l1 0.0
weighted/prior_loss_var_l2 0.0
weighted/loss_r_feature 4.764899253845215
weighted/loss_r_feature_first 1.0245095491409302
unweighted/task_loss 1.4460265636444092
unweighted/prior_loss_var_l1 0.4717537462711334
unweighted/prior_loss_var_l2 1352.2664794921875
unweighted/loss_r_feature 476.48992919921875
unweighted/loss_r_feature_first 0.5122547745704651
unweighted/inputs_norm 169.25030517578125
learning_Rate 0.09998989386555816
--------------------------------------------------
ITERATION: 33
weighted/total_loss 7.784889221191406
weighted/task_loss 1.3753790855407715
weighted/prior_loss_var_l1 0.0
weighted/prior_loss_var_l2 0.0
weighted/loss_r_feature 5.430649280548096
weighted/loss_r_feature_first 0.9788609743118286
unweighted/task_loss 0.9169193506240845
unweighted/prior_loss_var_l1 0.6304431557655334
unweighted/prior_loss_var_l2 1722.925048828125
unweighted/loss_r_feature 543.06494140625
unweighted/loss_r_feature_first 0.4894304871559143
unweighted/inputs_norm 170.29574584960938
learning_Rate 0.09998925238586667
--------------------------------------------------
ITERATION: 34
weighted/total_loss 7.058174133300781
weighted/task_loss 0.9671436548233032
weighted/prior_loss_var_l1 0.0
weighted/prior_loss_var_l2 0.0
weighted/loss_r_feature 5.456147193908691
weighted/loss_r_feature_first 0.6348835229873657
unweighted/task_loss 0.6447624564170837
unweighted/prior_loss_var_l1 0.5964527726173401
unweighted/prior_loss_var_l2 1639.907470703125
unweighted/loss_r_feature 545.61474609375
unweighted/loss_r_feature_first 0.31744176149368286
unweighted/inputs_norm 170.8563995361328
learning_Rate 0.09998859117121002
--------------------------------------------------
ITERATION: 35
weighted/total_loss 13.029260635375977
weighted/task_loss 6.57041072845459
weighted/prior_loss_var_l1 0.0
weighted/prior_loss_var_l2 0.0
weighted/loss_r_feature 5.152577877044678
weighted/loss_r_feature_first 1.3062725067138672
unweighted/task_loss 4.380273818969727
unweighted/prior_loss_var_l1 0.5315858125686646
unweighted/prior_loss_var_l2 1501.6392822265625
unweighted/loss_r_feature 515.2578125
unweighted/loss_r_feature_first 0.6531362533569336
unweighted/inputs_norm 171.45462036132812
learning_Rate 0.09998791022184923
--------------------------------------------------
ITERATION: 36
weighted/total_loss 8.384594917297363
weighted/task_loss 1.1826719045639038
weighted/prior_loss_var_l1 0.0
weighted/prior_loss_var_l2 0.0
weighted/loss_r_feature 5.68204927444458
weighted/loss_r_feature_first 1.5198736190795898
unweighted/task_loss 0.788447916507721
unweighted/prior_loss_var_l1 0.5233421325683594
unweighted/prior_loss_var_l2 1497.0284423828125
unweighted/loss_r_feature 568.2049560546875
unweighted/loss_r_feature_first 0.7599368095397949
unweighted/inputs_norm 172.23731994628906
learning_Rate 0.09998720953805314
--------------------------------------------------
ITERATION: 37
weighted/total_loss 7.435131072998047
weighted/task_loss 1.11000657081604
weighted/prior_loss_var_l1 0.0
weighted/prior_loss_var_l2 0.0
weighted/loss_r_feature 5.304009914398193
weighted/loss_r_feature_first 1.0211141109466553
unweighted/task_loss 0.7400043606758118
unweighted/prior_loss_var_l1 0.6625494360923767
unweighted/prior_loss_var_l2 1828.527099609375
unweighted/loss_r_feature 530.4010009765625
unweighted/loss_r_feature_first 0.5105570554733276
unweighted/inputs_norm 172.6451873779297
learning_Rate 0.09998648912009837
--------------------------------------------------
ITERATION: 38
weighted/total_loss 34.09016799926758
weighted/task_loss 26.35045051574707
weighted/prior_loss_var_l1 0.0
weighted/prior_loss_var_l2 0.0
weighted/loss_r_feature 6.177277088165283
weighted/loss_r_feature_first 1.5624388456344604
unweighted/task_loss 17.566967010498047
unweighted/prior_loss_var_l1 0.5131850838661194
unweighted/prior_loss_var_l2 1481.88671875
unweighted/loss_r_feature 617.7277221679688
unweighted/loss_r_feature_first 0.7812194228172302
unweighted/inputs_norm 172.7418212890625
learning_Rate 0.09998574896826934
--------------------------------------------------
ITERATION: 39
weighted/total_loss 7.627283573150635
weighted/task_loss 0.8899741172790527
weighted/prior_loss_var_l1 0.0
weighted/prior_loss_var_l2 0.0
weighted/loss_r_feature 5.811805248260498
weighted/loss_r_feature_first 0.9255043864250183
unweighted/task_loss 0.5933160781860352
unweighted/prior_loss_var_l1 0.6838994026184082
unweighted/prior_loss_var_l2 1865.715576171875
unweighted/loss_r_feature 581.1805419921875
unweighted/loss_r_feature_first 0.46275219321250916
unweighted/inputs_norm 173.53594970703125
learning_Rate 0.09998498908285823
--------------------------------------------------
ITERATION: 40
weighted/total_loss 7.661191940307617
weighted/task_loss 2.6647145748138428
weighted/prior_loss_var_l1 0.0
weighted/prior_loss_var_l2 0.0
weighted/loss_r_feature 4.403890132904053
weighted/loss_r_feature_first 0.5925873517990112
unweighted/task_loss 1.7764763832092285
unweighted/prior_loss_var_l1 0.5132575035095215
unweighted/prior_loss_var_l2 1465.4122314453125
unweighted/loss_r_feature 440.3890075683594
unweighted/loss_r_feature_first 0.2962936758995056
unweighted/inputs_norm 173.4814910888672
learning_Rate 0.09998420946416504
Verifier InvImage mPrec: 0.6144 mRec: 1.0 mAP: 0.995 mF1: 0.7 
Teacher InvImage mPrec: 0.6144 mRec: 1.0 mAP: 0.995 mF1: 0.7 
--------------------------------------------------
ITERATION: 41
weighted/total_loss 28.261512756347656
weighted/task_loss 21.7215576171875
weighted/prior_loss_var_l1 0.0
weighted/prior_loss_var_l2 0.0
weighted/loss_r_feature 5.405434608459473
weighted/loss_r_feature_first 1.1345205307006836
unweighted/task_loss 14.481039047241211
unweighted/prior_loss_var_l1 0.5691831111907959
unweighted/prior_loss_var_l2 1561.87158203125
unweighted/loss_r_feature 540.54345703125
unweighted/loss_r_feature_first 0.5672602653503418
unweighted/inputs_norm 174.29754638671875
learning_Rate 0.09998341011249755
--------------------------------------------------
ITERATION: 42
weighted/total_loss 12.195460319519043
weighted/task_loss 6.1328630447387695
weighted/prior_loss_var_l1 0.0
weighted/prior_loss_var_l2 0.0
weighted/loss_r_feature 5.277318477630615
weighted/loss_r_feature_first 0.7852790355682373
unweighted/task_loss 4.08857536315918
unweighted/prior_loss_var_l1 0.5786245465278625
unweighted/prior_loss_var_l2 1658.9482421875
unweighted/loss_r_feature 527.7318725585938
unweighted/loss_r_feature_first 0.39263951778411865
unweighted/inputs_norm 174.56568908691406
learning_Rate 0.09998259102817132
--------------------------------------------------
ITERATION: 43
weighted/total_loss 10.285737037658691
weighted/task_loss 2.859184741973877
weighted/prior_loss_var_l1 0.0
weighted/prior_loss_var_l2 0.0
weighted/loss_r_feature 6.104673862457275
weighted/loss_r_feature_first 1.3218780755996704
unweighted/task_loss 1.906123161315918
unweighted/prior_loss_var_l1 0.6470288038253784
unweighted/prior_loss_var_l2 1777.076171875
unweighted/loss_r_feature 610.4674072265625
unweighted/loss_r_feature_first 0.6609390377998352
unweighted/inputs_norm 175.3431396484375
learning_Rate 0.09998175221150973
--------------------------------------------------
ITERATION: 44
weighted/total_loss 8.792080879211426
weighted/task_loss 1.4573782682418823
weighted/prior_loss_var_l1 0.0
weighted/prior_loss_var_l2 0.0
weighted/loss_r_feature 5.740402698516846
weighted/loss_r_feature_first 1.5943000316619873
unweighted/task_loss 0.9715855121612549
unweighted/prior_loss_var_l1 0.5474945306777954
unweighted/prior_loss_var_l2 1509.6204833984375
unweighted/loss_r_feature 574.040283203125
unweighted/loss_r_feature_first 0.7971500158309937
unweighted/inputs_norm 175.6781463623047
learning_Rate 0.09998089366284395
--------------------------------------------------
ITERATION: 45
weighted/total_loss 10.460542678833008
weighted/task_loss 4.235713005065918
weighted/prior_loss_var_l1 0.0
weighted/prior_loss_var_l2 0.0
weighted/loss_r_feature 5.088431358337402
weighted/loss_r_feature_first 1.1363987922668457
unweighted/task_loss 2.8238086700439453
unweighted/prior_loss_var_l1 0.5281927585601807
unweighted/prior_loss_var_l2 1518.563720703125
unweighted/loss_r_feature 508.8431701660156
unweighted/loss_r_feature_first 0.5681993961334229
unweighted/inputs_norm 176.21180725097656
learning_Rate 0.09998001538251287
--------------------------------------------------
ITERATION: 46
weighted/total_loss 7.420461177825928
weighted/task_loss 1.7343850135803223
weighted/prior_loss_var_l1 0.0
weighted/prior_loss_var_l2 0.0
weighted/loss_r_feature 4.938610076904297
weighted/loss_r_feature_first 0.7474662661552429
unweighted/task_loss 1.1562566757202148
unweighted/prior_loss_var_l1 0.604097843170166
unweighted/prior_loss_var_l2 1683.51171875
unweighted/loss_r_feature 493.86102294921875
unweighted/loss_r_feature_first 0.37373313307762146
unweighted/inputs_norm 176.75064086914062
learning_Rate 0.09997911737086326
--------------------------------------------------
ITERATION: 47
weighted/total_loss 8.344213485717773
weighted/task_loss 1.1843781471252441
weighted/prior_loss_var_l1 0.0
weighted/prior_loss_var_l2 0.0
weighted/loss_r_feature 5.851288795471191
weighted/loss_r_feature_first 1.3085466623306274
unweighted/task_loss 0.7895854711532593
unweighted/prior_loss_var_l1 0.5772264003753662
unweighted/prior_loss_var_l2 1616.6871337890625
unweighted/loss_r_feature 585.12890625
unweighted/loss_r_feature_first 0.6542733311653137
unweighted/inputs_norm 176.96383666992188
learning_Rate 0.09997819962824961
--------------------------------------------------
ITERATION: 48
weighted/total_loss 7.6045613288879395
weighted/task_loss 1.7045613527297974
weighted/prior_loss_var_l1 0.0
weighted/prior_loss_var_l2 0.0
weighted/loss_r_feature 4.910357475280762
weighted/loss_r_feature_first 0.9896427392959595
unweighted/task_loss 1.1363742351531982
unweighted/prior_loss_var_l1 0.578782320022583
unweighted/prior_loss_var_l2 1638.7672119140625
unweighted/loss_r_feature 491.0357666015625
unweighted/loss_r_feature_first 0.49482136964797974
unweighted/inputs_norm 177.152587890625
learning_Rate 0.09997726215503427
--------------------------------------------------
ITERATION: 49
weighted/total_loss 10.339073181152344
weighted/task_loss 4.653984069824219
weighted/prior_loss_var_l1 0.0
weighted/prior_loss_var_l2 0.0
weighted/loss_r_feature 4.706668376922607
weighted/loss_r_feature_first 0.9784204959869385
unweighted/task_loss 3.1026558876037598
unweighted/prior_loss_var_l1 0.4672563076019287
unweighted/prior_loss_var_l2 1383.7021484375
unweighted/loss_r_feature 470.6668395996094
unweighted/loss_r_feature_first 0.48921024799346924
unweighted/inputs_norm 177.7834930419922
learning_Rate 0.09997630495158732
--------------------------------------------------
ITERATION: 50
weighted/total_loss 10.29624080657959
weighted/task_loss 1.2339333295822144
weighted/prior_loss_var_l1 0.0
weighted/prior_loss_var_l2 0.0
weighted/loss_r_feature 7.188492774963379
weighted/loss_r_feature_first 1.8738144636154175
unweighted/task_loss 0.8226222395896912
unweighted/prior_loss_var_l1 0.5820949673652649
unweighted/prior_loss_var_l2 1604.5130615234375
unweighted/loss_r_feature 718.8493041992188
unweighted/loss_r_feature_first 0.9369072318077087
unweighted/inputs_norm 178.3924560546875
learning_Rate 0.09997532801828662
Verifier InvImage mPrec: 0.6761 mRec: 1.0 mAP: 0.995 mF1: 0.7771 
Teacher InvImage mPrec: 0.6761 mRec: 1.0 mAP: 0.995 mF1: 0.7771 
--------------------------------------------------
ITERATION: 51
weighted/total_loss 7.0543317794799805
weighted/task_loss 0.8391008377075195
weighted/prior_loss_var_l1 0.0
weighted/prior_loss_var_l2 0.0
weighted/loss_r_feature 5.085766315460205
weighted/loss_r_feature_first 1.1294643878936768
unweighted/task_loss 0.5594005584716797
unweighted/prior_loss_var_l1 0.5764279961585999
unweighted/prior_loss_var_l2 1609.9263916015625
unweighted/loss_r_feature 508.5766296386719
unweighted/loss_r_feature_first 0.5647321939468384
unweighted/inputs_norm 178.25421142578125
learning_Rate 0.09997433135551789
--------------------------------------------------
ITERATION: 52
weighted/total_loss 8.506082534790039
weighted/task_loss 2.0201971530914307
weighted/prior_loss_var_l1 0.0
weighted/prior_loss_var_l2 0.0
weighted/loss_r_feature 5.530275821685791
weighted/loss_r_feature_first 0.9556089043617249
unweighted/task_loss 1.346798062324524
unweighted/prior_loss_var_l1 0.6135607957839966
unweighted/prior_loss_var_l2 1692.9007568359375
unweighted/loss_r_feature 553.027587890625
unweighted/loss_r_feature_first 0.4778044521808624
unweighted/inputs_norm 178.6096954345703
learning_Rate 0.09997331496367458
--------------------------------------------------
ITERATION: 53
weighted/total_loss 7.270809650421143
weighted/task_loss 0.7489051818847656
weighted/prior_loss_var_l1 0.0
weighted/prior_loss_var_l2 0.0
weighted/loss_r_feature 5.594194412231445
weighted/loss_r_feature_first 0.9277100563049316
unweighted/task_loss 0.49927011132240295
unweighted/prior_loss_var_l1 0.6226006150245667
unweighted/prior_loss_var_l2 1708.973388671875
unweighted/loss_r_feature 559.41943359375
unweighted/loss_r_feature_first 0.4638550281524658
unweighted/inputs_norm 178.74147033691406
learning_Rate 0.09997227884315794
--------------------------------------------------
ITERATION: 54
weighted/total_loss 7.17323112487793
weighted/task_loss 1.317384958267212
weighted/prior_loss_var_l1 0.0
weighted/prior_loss_var_l2 0.0
weighted/loss_r_feature 4.92268180847168
weighted/loss_r_feature_first 0.9331647157669067
unweighted/task_loss 0.8782566785812378
unweighted/prior_loss_var_l1 0.6551632881164551
unweighted/prior_loss_var_l2 1827.0361328125
unweighted/loss_r_feature 492.2681884765625
unweighted/loss_r_feature_first 0.46658235788345337
unweighted/inputs_norm 179.279296875
learning_Rate 0.09997122299437702
--------------------------------------------------
ITERATION: 55
weighted/total_loss 7.617661476135254
weighted/task_loss 1.8081233501434326
weighted/prior_loss_var_l1 0.0
weighted/prior_loss_var_l2 0.0
weighted/loss_r_feature 4.650412559509277
weighted/loss_r_feature_first 1.1591250896453857
unweighted/task_loss 1.2054156064987183
unweighted/prior_loss_var_l1 0.5167979001998901
unweighted/prior_loss_var_l2 1478.50439453125
unweighted/loss_r_feature 465.041259765625
unweighted/loss_r_feature_first 0.5795625448226929
unweighted/inputs_norm 179.04698181152344
learning_Rate 0.09997014741774868
--------------------------------------------------
ITERATION: 56
weighted/total_loss 6.920530319213867
weighted/task_loss 1.1775462627410889
weighted/prior_loss_var_l1 0.0
weighted/prior_loss_var_l2 0.0
weighted/loss_r_feature 4.598073482513428
weighted/loss_r_feature_first 1.1449105739593506
unweighted/task_loss 0.7850308418273926
unweighted/prior_loss_var_l1 0.5725662708282471
unweighted/prior_loss_var_l2 1622.3154296875
unweighted/loss_r_feature 459.8073425292969
unweighted/loss_r_feature_first 0.5724552869796753
unweighted/inputs_norm 179.94424438476562
learning_Rate 0.0999690521136975
--------------------------------------------------
ITERATION: 57
weighted/total_loss 6.621833801269531
weighted/task_loss 1.3919315338134766
weighted/prior_loss_var_l1 0.0
weighted/prior_loss_var_l2 0.0
weighted/loss_r_feature 4.448238372802734
weighted/loss_r_feature_first 0.7816640138626099
unweighted/task_loss 0.9279543161392212
unweighted/prior_loss_var_l1 0.5548192858695984
unweighted/prior_loss_var_l2 1617.9014892578125
unweighted/loss_r_feature 444.8238525390625
unweighted/loss_r_feature_first 0.39083200693130493
unweighted/inputs_norm 180.26377868652344
learning_Rate 0.09996793708265589
--------------------------------------------------
ITERATION: 58
weighted/total_loss 33.76957702636719
weighted/task_loss 27.530349731445312
weighted/prior_loss_var_l1 0.0
weighted/prior_loss_var_l2 0.0
weighted/loss_r_feature 5.1076130867004395
weighted/loss_r_feature_first 1.1316159963607788
unweighted/task_loss 18.353567123413086
unweighted/prior_loss_var_l1 0.60826575756073
unweighted/prior_loss_var_l2 1763.0751953125
unweighted/loss_r_feature 510.7613220214844
unweighted/loss_r_feature_first 0.5658079981803894
unweighted/inputs_norm 180.8140869140625
learning_Rate 0.09996680232506408
--------------------------------------------------
ITERATION: 59
weighted/total_loss 7.457499980926514
weighted/task_loss 1.5532341003417969
weighted/prior_loss_var_l1 0.0
weighted/prior_loss_var_l2 0.0
weighted/loss_r_feature 4.8068766593933105
weighted/loss_r_feature_first 1.0973893404006958
unweighted/task_loss 1.0354894399642944
unweighted/prior_loss_var_l1 0.5674644112586975
unweighted/prior_loss_var_l2 1592.3765869140625
unweighted/loss_r_feature 480.68768310546875
unweighted/loss_r_feature_first 0.5486946702003479
unweighted/inputs_norm 181.1172637939453
learning_Rate 0.09996564784137002
--------------------------------------------------
ITERATION: 60
weighted/total_loss 38.99186325073242
weighted/task_loss 33.5532112121582
weighted/prior_loss_var_l1 0.0
weighted/prior_loss_var_l2 0.0
weighted/loss_r_feature 4.5904998779296875
weighted/loss_r_feature_first 0.8481534719467163
unweighted/task_loss 22.368806838989258
unweighted/prior_loss_var_l1 0.613081693649292
unweighted/prior_loss_var_l2 1751.2286376953125
unweighted/loss_r_feature 459.04998779296875
unweighted/loss_r_feature_first 0.42407673597335815
unweighted/inputs_norm 181.6889190673828
learning_Rate 0.0999644736320295
Verifier InvImage mPrec: 0.7856 mRec: 1.0 mAP: 0.8292 mF1: 0.842 
Teacher InvImage mPrec: 0.7856 mRec: 1.0 mAP: 0.8292 mF1: 0.842 
--------------------------------------------------
ITERATION: 61
weighted/total_loss 7.200647354125977
weighted/task_loss 1.3650822639465332
weighted/prior_loss_var_l1 0.0
weighted/prior_loss_var_l2 0.0
weighted/loss_r_feature 4.990859031677246
weighted/loss_r_feature_first 0.8447058200836182
unweighted/task_loss 0.9100548028945923
unweighted/prior_loss_var_l1 0.6504806876182556
unweighted/prior_loss_var_l2 1778.5611572265625
unweighted/loss_r_feature 499.0859375
unweighted/loss_r_feature_first 0.4223529100418091
unweighted/inputs_norm 181.76097106933594
learning_Rate 0.09996327969750607
--------------------------------------------------
ITERATION: 62
weighted/total_loss 7.126331806182861
weighted/task_loss 1.0934321880340576
weighted/prior_loss_var_l1 0.0
weighted/prior_loss_var_l2 0.0
weighted/loss_r_feature 5.063790798187256
weighted/loss_r_feature_first 0.9691091775894165
unweighted/task_loss 0.7289547920227051
unweighted/prior_loss_var_l1 0.6118711829185486
unweighted/prior_loss_var_l2 1671.223876953125
unweighted/loss_r_feature 506.37908935546875
unweighted/loss_r_feature_first 0.48455458879470825
unweighted/inputs_norm 181.79811096191406
learning_Rate 0.09996206603827108
--------------------------------------------------
ITERATION: 63
weighted/total_loss 14.7660493850708
weighted/task_loss 9.553542137145996
weighted/prior_loss_var_l1 0.0
weighted/prior_loss_var_l2 0.0
weighted/loss_r_feature 4.3291168212890625
weighted/loss_r_feature_first 0.8833903670310974
unweighted/task_loss 6.369028091430664
unweighted/prior_loss_var_l1 0.5639756917953491
unweighted/prior_loss_var_l2 1621.065673828125
unweighted/loss_r_feature 432.9117126464844
unweighted/loss_r_feature_first 0.4416951835155487
unweighted/inputs_norm 182.3763427734375
learning_Rate 0.09996083265480367
--------------------------------------------------
ITERATION: 64
weighted/total_loss 6.700498104095459
weighted/task_loss 0.8807166814804077
weighted/prior_loss_var_l1 0.0
weighted/prior_loss_var_l2 0.0
weighted/loss_r_feature 4.952935695648193
weighted/loss_r_feature_first 0.8668454885482788
unweighted/task_loss 0.5871444344520569
unweighted/prior_loss_var_l1 0.6291821002960205
unweighted/prior_loss_var_l2 1751.11572265625
unweighted/loss_r_feature 495.2935791015625
unweighted/loss_r_feature_first 0.4334227442741394
unweighted/inputs_norm 182.80728149414062
learning_Rate 0.09995957954759074
--------------------------------------------------
ITERATION: 65
weighted/total_loss 7.219120979309082
weighted/task_loss 1.9051482677459717
weighted/prior_loss_var_l1 0.0
weighted/prior_loss_var_l2 0.0
weighted/loss_r_feature 4.400766372680664
weighted/loss_r_feature_first 0.9132061004638672
unweighted/task_loss 1.2700988054275513
unweighted/prior_loss_var_l1 0.5878847241401672
unweighted/prior_loss_var_l2 1651.21044921875
unweighted/loss_r_feature 440.0766296386719
unweighted/loss_r_feature_first 0.4566030502319336
unweighted/inputs_norm 183.12014770507812
learning_Rate 0.09995830671712702
--------------------------------------------------
ITERATION: 66
weighted/total_loss 11.320191383361816
weighted/task_loss 4.838817596435547
weighted/prior_loss_var_l1 0.0
weighted/prior_loss_var_l2 0.0
weighted/loss_r_feature 5.213366985321045
weighted/loss_r_feature_first 1.2680063247680664
unweighted/task_loss 3.2258782386779785
unweighted/prior_loss_var_l1 0.5570485591888428
unweighted/prior_loss_var_l2 1533.119140625
unweighted/loss_r_feature 521.3367309570312
unweighted/loss_r_feature_first 0.6340031623840332
unweighted/inputs_norm 183.32321166992188
learning_Rate 0.099957014163915
--------------------------------------------------
ITERATION: 67
weighted/total_loss 8.385102272033691
weighted/task_loss 1.553165316581726
weighted/prior_loss_var_l1 0.0
weighted/prior_loss_var_l2 0.0
weighted/loss_r_feature 5.257053852081299
weighted/loss_r_feature_first 1.574883222579956
unweighted/task_loss 1.0354435443878174
unweighted/prior_loss_var_l1 0.5604913234710693
unweighted/prior_loss_var_l2 1571.3365478515625
unweighted/loss_r_feature 525.7053833007812
unweighted/loss_r_feature_first 0.787441611289978
unweighted/inputs_norm 184.12515258789062
learning_Rate 0.09995570188846496
--------------------------------------------------
ITERATION: 68
weighted/total_loss 6.47637939453125
weighted/task_loss 1.221034288406372
weighted/prior_loss_var_l1 0.0
weighted/prior_loss_var_l2 0.0
weighted/loss_r_feature 4.566083908081055
weighted/loss_r_feature_first 0.6892611980438232
unweighted/task_loss 0.8140228986740112
unweighted/prior_loss_var_l1 0.565134584903717
unweighted/prior_loss_var_l2 1587.2061767578125
unweighted/loss_r_feature 456.6083984375
unweighted/loss_r_feature_first 0.3446305990219116
unweighted/inputs_norm 184.4374237060547
learning_Rate 0.09995436989129496
--------------------------------------------------
ITERATION: 69
weighted/total_loss 39.87474060058594
weighted/task_loss 34.74848175048828
weighted/prior_loss_var_l1 0.0
weighted/prior_loss_var_l2 0.0
weighted/loss_r_feature 4.275364398956299
weighted/loss_r_feature_first 0.850895881652832
unweighted/task_loss 23.165653228759766
unweighted/prior_loss_var_l1 0.48404231667518616
unweighted/prior_loss_var_l2 1470.34130859375
unweighted/loss_r_feature 427.5364685058594
unweighted/loss_r_feature_first 0.425447940826416
unweighted/inputs_norm 184.7692108154297
learning_Rate 0.09995301817293085
--------------------------------------------------
ITERATION: 70
weighted/total_loss 7.368686676025391
weighted/task_loss 1.359175205230713
weighted/prior_loss_var_l1 0.0
weighted/prior_loss_var_l2 0.0
weighted/loss_r_feature 5.227585792541504
weighted/loss_r_feature_first 0.7819254994392395
unweighted/task_loss 0.9061168432235718
unweighted/prior_loss_var_l1 0.6594188213348389
unweighted/prior_loss_var_l2 1828.7679443359375
unweighted/loss_r_feature 522.7586059570312
unweighted/loss_r_feature_first 0.39096274971961975
unweighted/inputs_norm 185.11886596679688
learning_Rate 0.09995164673390626
Verifier InvImage mPrec: 0.7911 mRec: 1.0 mAP: 0.995 mF1: 0.8479 
Teacher InvImage mPrec: 0.7911 mRec: 1.0 mAP: 0.995 mF1: 0.8479 
--------------------------------------------------
ITERATION: 71
weighted/total_loss 35.962867736816406
weighted/task_loss 30.36441421508789
weighted/prior_loss_var_l1 0.0
weighted/prior_loss_var_l2 0.0
weighted/loss_r_feature 4.597033500671387
weighted/loss_r_feature_first 1.0014203786849976
unweighted/task_loss 20.242942810058594
unweighted/prior_loss_var_l1 0.5790406465530396
unweighted/prior_loss_var_l2 1691.1109619140625
unweighted/loss_r_feature 459.703369140625
unweighted/loss_r_feature_first 0.5007101893424988
unweighted/inputs_norm 184.845947265625
learning_Rate 0.09995025557476261
--------------------------------------------------
ITERATION: 72
weighted/total_loss 6.363134384155273
weighted/task_loss 0.8099775910377502
weighted/prior_loss_var_l1 0.0
weighted/prior_loss_var_l2 0.0
weighted/loss_r_feature 4.841167449951172
weighted/loss_r_feature_first 0.7119892239570618
unweighted/task_loss 0.5399850606918335
unweighted/prior_loss_var_l1 0.6635281443595886
unweighted/prior_loss_var_l2 1823.171630859375
unweighted/loss_r_feature 484.11676025390625
unweighted/loss_r_feature_first 0.3559946119785309
unweighted/inputs_norm 184.9949951171875
learning_Rate 0.09994884469604913
--------------------------------------------------
ITERATION: 73
weighted/total_loss 7.833235740661621
weighted/task_loss 1.0137975215911865
weighted/prior_loss_var_l1 0.0
weighted/prior_loss_var_l2 0.0
weighted/loss_r_feature 5.557379245758057
weighted/loss_r_feature_first 1.262059211730957
unweighted/task_loss 0.6758649945259094
unweighted/prior_loss_var_l1 0.5898219347000122
unweighted/prior_loss_var_l2 1639.225341796875
unweighted/loss_r_feature 555.7379150390625
unweighted/loss_r_feature_first 0.6310296058654785
unweighted/inputs_norm 184.9794464111328
learning_Rate 0.0999474140983228
--------------------------------------------------
ITERATION: 74
weighted/total_loss 15.057535171508789
weighted/task_loss 9.180974960327148
weighted/prior_loss_var_l1 0.0
weighted/prior_loss_var_l2 0.0
weighted/loss_r_feature 4.672867774963379
weighted/loss_r_feature_first 1.2036921977996826
unweighted/task_loss 6.120650291442871
unweighted/prior_loss_var_l1 0.5402475595474243
unweighted/prior_loss_var_l2 1557.1119384765625
unweighted/loss_r_feature 467.28680419921875
unweighted/loss_r_feature_first 0.6018460988998413
unweighted/inputs_norm 185.41024780273438
learning_Rate 0.09994596378214841
--------------------------------------------------
ITERATION: 75
weighted/total_loss 7.180575847625732
weighted/task_loss 1.939039707183838
weighted/prior_loss_var_l1 0.0
weighted/prior_loss_var_l2 0.0
weighted/loss_r_feature 4.525920391082764
weighted/loss_r_feature_first 0.7156156897544861
unweighted/task_loss 1.2926931381225586
unweighted/prior_loss_var_l1 0.5272804498672485
unweighted/prior_loss_var_l2 1534.112060546875
unweighted/loss_r_feature 452.592041015625
unweighted/loss_r_feature_first 0.35780784487724304
unweighted/inputs_norm 185.8036651611328
learning_Rate 0.09994449374809851
--------------------------------------------------
ITERATION: 76
weighted/total_loss 8.778267860412598
weighted/task_loss 1.111132025718689
weighted/prior_loss_var_l1 0.0
weighted/prior_loss_var_l2 0.0
weighted/loss_r_feature 6.209778785705566
weighted/loss_r_feature_first 1.4573566913604736
unweighted/task_loss 0.7407546639442444
unweighted/prior_loss_var_l1 0.6275424957275391
unweighted/prior_loss_var_l2 1722.8577880859375
unweighted/loss_r_feature 620.9779052734375
unweighted/loss_r_feature_first 0.7286783456802368
unweighted/inputs_norm 186.32383728027344
learning_Rate 0.09994300399675342
--------------------------------------------------
ITERATION: 77
weighted/total_loss 7.1474223136901855
weighted/task_loss 1.1444807052612305
weighted/prior_loss_var_l1 0.0
weighted/prior_loss_var_l2 0.0
weighted/loss_r_feature 5.065061092376709
weighted/loss_r_feature_first 0.9378803968429565
unweighted/task_loss 0.7629871368408203
unweighted/prior_loss_var_l1 0.6038357019424438
unweighted/prior_loss_var_l2 1643.950439453125
unweighted/loss_r_feature 506.5061340332031
unweighted/loss_r_feature_first 0.46894019842147827
unweighted/inputs_norm 186.0829620361328
learning_Rate 0.09994149452870132
--------------------------------------------------
ITERATION: 78
weighted/total_loss 8.420632362365723
weighted/task_loss 1.187171220779419
weighted/prior_loss_var_l1 0.0
weighted/prior_loss_var_l2 0.0
weighted/loss_r_feature 5.629319190979004
weighted/loss_r_feature_first 1.6041419506072998
unweighted/task_loss 0.7914475202560425
unweighted/prior_loss_var_l1 0.6611146330833435
unweighted/prior_loss_var_l2 1873.3455810546875
unweighted/loss_r_feature 562.9319458007812
unweighted/loss_r_feature_first 0.8020709753036499
unweighted/inputs_norm 186.63551330566406
learning_Rate 0.09993996534453811
--------------------------------------------------
ITERATION: 79
weighted/total_loss 6.713724613189697
weighted/task_loss 1.2824060916900635
weighted/prior_loss_var_l1 0.0
weighted/prior_loss_var_l2 0.0
weighted/loss_r_feature 4.610620498657227
weighted/loss_r_feature_first 0.8206984400749207
unweighted/task_loss 0.8549373745918274
unweighted/prior_loss_var_l1 0.5758478045463562
unweighted/prior_loss_var_l2 1608.000244140625
unweighted/loss_r_feature 461.06207275390625
unweighted/loss_r_feature_first 0.4103492200374603
unweighted/inputs_norm 186.3389892578125
learning_Rate 0.09993841644486746
--------------------------------------------------
ITERATION: 80
weighted/total_loss 30.62525749206543
weighted/task_loss 25.266328811645508
weighted/prior_loss_var_l1 0.0
weighted/prior_loss_var_l2 0.0
weighted/loss_r_feature 4.55105447769165
weighted/loss_r_feature_first 0.8078750371932983
unweighted/task_loss 16.844219207763672
unweighted/prior_loss_var_l1 0.616936981678009
unweighted/prior_loss_var_l2 1730.2545166015625
unweighted/loss_r_feature 455.1054382324219
unweighted/loss_r_feature_first 0.40393751859664917
unweighted/inputs_norm 186.87557983398438
learning_Rate 0.09993684783030088
Verifier InvImage mPrec: 0.6756 mRec: 1.0 mAP: 0.995 mF1: 0.773 
Teacher InvImage mPrec: 0.6756 mRec: 1.0 mAP: 0.995 mF1: 0.773 
--------------------------------------------------
ITERATION: 81
weighted/total_loss 6.416176795959473
weighted/task_loss 1.4351660013198853
weighted/prior_loss_var_l1 0.0
weighted/prior_loss_var_l2 0.0
weighted/loss_r_feature 4.401918411254883
weighted/loss_r_feature_first 0.579092264175415
unweighted/task_loss 0.9567773342132568
unweighted/prior_loss_var_l1 0.6192947030067444
unweighted/prior_loss_var_l2 1705.132568359375
unweighted/loss_r_feature 440.1918640136719
unweighted/loss_r_feature_first 0.2895461320877075
unweighted/inputs_norm 186.85430908203125
learning_Rate 0.09993525950145761
--------------------------------------------------
ITERATION: 82
weighted/total_loss 5.98045539855957
weighted/task_loss 1.5051137208938599
weighted/prior_loss_var_l1 0.0
weighted/prior_loss_var_l2 0.0
weighted/loss_r_feature 3.998236656188965
weighted/loss_r_feature_first 0.4771053194999695
unweighted/task_loss 1.0034091472625732
unweighted/prior_loss_var_l1 0.5390568971633911
unweighted/prior_loss_var_l2 1531.6234130859375
unweighted/loss_r_feature 399.82366943359375
unweighted/loss_r_feature_first 0.23855265974998474
unweighted/inputs_norm 187.30789184570312
learning_Rate 0.09993365145896473
--------------------------------------------------
ITERATION: 83
weighted/total_loss 7.623989105224609
weighted/task_loss 1.2657272815704346
weighted/prior_loss_var_l1 0.0
weighted/prior_loss_var_l2 0.0
weighted/loss_r_feature 5.015142440795898
weighted/loss_r_feature_first 1.3431196212768555
unweighted/task_loss 0.843818187713623
unweighted/prior_loss_var_l1 0.5679308176040649
unweighted/prior_loss_var_l2 1619.556640625
unweighted/loss_r_feature 501.5142517089844
unweighted/loss_r_feature_first 0.6715598106384277
unweighted/inputs_norm 187.9052734375
learning_Rate 0.09993202370345704
--------------------------------------------------
ITERATION: 84
weighted/total_loss 7.245275974273682
weighted/task_loss 1.0476524829864502
weighted/prior_loss_var_l1 0.0
weighted/prior_loss_var_l2 0.0
weighted/loss_r_feature 5.0409698486328125
weighted/loss_r_feature_first 1.156653881072998
unweighted/task_loss 0.6984349489212036
unweighted/prior_loss_var_l1 0.6548739671707153
unweighted/prior_loss_var_l2 1780.422607421875
unweighted/loss_r_feature 504.09698486328125
unweighted/loss_r_feature_first 0.578326940536499
unweighted/inputs_norm 187.99818420410156
learning_Rate 0.09993037623557716
--------------------------------------------------
ITERATION: 85
weighted/total_loss 8.513834953308105
weighted/task_loss 1.4670960903167725
weighted/prior_loss_var_l1 0.0
weighted/prior_loss_var_l2 0.0
weighted/loss_r_feature 5.682377815246582
weighted/loss_r_feature_first 1.3643608093261719
unweighted/task_loss 0.9780640602111816
unweighted/prior_loss_var_l1 0.5447978377342224
unweighted/prior_loss_var_l2 1520.2911376953125
unweighted/loss_r_feature 568.23779296875
unweighted/loss_r_feature_first 0.6821804046630859
unweighted/inputs_norm 187.9776153564453
learning_Rate 0.09992870905597548
--------------------------------------------------
ITERATION: 86
weighted/total_loss 6.233330726623535
weighted/task_loss 0.8962361812591553
weighted/prior_loss_var_l1 0.0
weighted/prior_loss_var_l2 0.0
weighted/loss_r_feature 4.785289287567139
weighted/loss_r_feature_first 0.5518053770065308
unweighted/task_loss 0.5974907875061035
unweighted/prior_loss_var_l1 0.6553699374198914
unweighted/prior_loss_var_l2 1774.6129150390625
unweighted/loss_r_feature 478.5289306640625
unweighted/loss_r_feature_first 0.2759026885032654
unweighted/inputs_norm 188.50613403320312
learning_Rate 0.0999270221653102
--------------------------------------------------
ITERATION: 87
weighted/total_loss 6.882024765014648
weighted/task_loss 1.4385814666748047
weighted/prior_loss_var_l1 0.0
weighted/prior_loss_var_l2 0.0
weighted/loss_r_feature 4.560198783874512
weighted/loss_r_feature_first 0.8832446336746216
unweighted/task_loss 0.9590542912483215
unweighted/prior_loss_var_l1 0.5763174295425415
unweighted/prior_loss_var_l2 1642.31494140625
unweighted/loss_r_feature 456.0198669433594
unweighted/loss_r_feature_first 0.4416223168373108
unweighted/inputs_norm 188.55442810058594
learning_Rate 0.09992531556424726
--------------------------------------------------
ITERATION: 88
weighted/total_loss 8.02767276763916
weighted/task_loss 2.577967882156372
weighted/prior_loss_var_l1 0.0
weighted/prior_loss_var_l2 0.0
weighted/loss_r_feature 4.561392784118652
weighted/loss_r_feature_first 0.8883126974105835
unweighted/task_loss 1.7186452150344849
unweighted/prior_loss_var_l1 0.5557868480682373
unweighted/prior_loss_var_l2 1621.7310791015625
unweighted/loss_r_feature 456.1392822265625
unweighted/loss_r_feature_first 0.44415634870529175
unweighted/inputs_norm 188.8956756591797
learning_Rate 0.0999235892534604
--------------------------------------------------
ITERATION: 89
weighted/total_loss 6.904875755310059
weighted/task_loss 1.3132550716400146
weighted/prior_loss_var_l1 0.0
weighted/prior_loss_var_l2 0.0
weighted/loss_r_feature 4.633777141571045
weighted/loss_r_feature_first 0.9578440189361572
unweighted/task_loss 0.875503420829773
unweighted/prior_loss_var_l1 0.5767210721969604
unweighted/prior_loss_var_l2 1634.5740966796875
unweighted/loss_r_feature 463.3777160644531
unweighted/loss_r_feature_first 0.4789220094680786
unweighted/inputs_norm 189.0281219482422
learning_Rate 0.09992184323363112
--------------------------------------------------
ITERATION: 90
weighted/total_loss 6.5594377517700195
weighted/task_loss 1.7095699310302734
weighted/prior_loss_var_l1 0.0
weighted/prior_loss_var_l2 0.0
weighted/loss_r_feature 4.414068698883057
weighted/loss_r_feature_first 0.43579888343811035
unweighted/task_loss 1.1397132873535156
unweighted/prior_loss_var_l1 0.5901906490325928
unweighted/prior_loss_var_l2 1631.33447265625
unweighted/loss_r_feature 441.4068603515625
unweighted/loss_r_feature_first 0.21789944171905518
unweighted/inputs_norm 189.072021484375
learning_Rate 0.09992007750544876
Verifier InvImage mPrec: 0.7858 mRec: 1.0 mAP: 0.995 mF1: 0.8422 
Teacher InvImage mPrec: 0.7858 mRec: 1.0 mAP: 0.995 mF1: 0.8422 
--------------------------------------------------
ITERATION: 91
weighted/total_loss 35.94300842285156
weighted/task_loss 30.216304779052734
weighted/prior_loss_var_l1 0.0
weighted/prior_loss_var_l2 0.0
weighted/loss_r_feature 4.7443671226501465
weighted/loss_r_feature_first 0.9823389649391174
unweighted/task_loss 20.144203186035156
unweighted/prior_loss_var_l1 0.6274687647819519
unweighted/prior_loss_var_l2 1758.8253173828125
unweighted/loss_r_feature 474.43670654296875
unweighted/loss_r_feature_first 0.4911694824695587
unweighted/inputs_norm 189.28604125976562
learning_Rate 0.09991829206961038
--------------------------------------------------
ITERATION: 92
weighted/total_loss 6.292161464691162
weighted/task_loss 0.7711879014968872
weighted/prior_loss_var_l1 0.0
weighted/prior_loss_var_l2 0.0
weighted/loss_r_feature 4.707649230957031
weighted/loss_r_feature_first 0.8133242726325989
unweighted/task_loss 0.5141252875328064
unweighted/prior_loss_var_l1 0.5951145887374878
unweighted/prior_loss_var_l2 1666.18310546875
unweighted/loss_r_feature 470.76495361328125
unweighted/loss_r_feature_first 0.40666213631629944
unweighted/inputs_norm 189.2101287841797
learning_Rate 0.09991648692682083
--------------------------------------------------
ITERATION: 93
weighted/total_loss 6.50771427154541
weighted/task_loss 1.2135684490203857
weighted/prior_loss_var_l1 0.0
weighted/prior_loss_var_l2 0.0
weighted/loss_r_feature 4.4129180908203125
weighted/loss_r_feature_first 0.8812274932861328
unweighted/task_loss 0.809045672416687
unweighted/prior_loss_var_l1 0.5480083227157593
unweighted/prior_loss_var_l2 1554.91015625
unweighted/loss_r_feature 441.29180908203125
unweighted/loss_r_feature_first 0.4406137466430664
unweighted/inputs_norm 189.38034057617188
learning_Rate 0.09991466207779279
--------------------------------------------------
ITERATION: 94
weighted/total_loss 10.615907669067383
weighted/task_loss 3.2596027851104736
weighted/prior_loss_var_l1 0.0
weighted/prior_loss_var_l2 0.0
weighted/loss_r_feature 5.850190162658691
weighted/loss_r_feature_first 1.5061146020889282
unweighted/task_loss 2.1730685234069824
unweighted/prior_loss_var_l1 0.5474148392677307
unweighted/prior_loss_var_l2 1611.9962158203125
unweighted/loss_r_feature 585.01904296875
unweighted/loss_r_feature_first 0.7530573010444641
unweighted/inputs_norm 189.4810791015625
learning_Rate 0.09991281752324664
--------------------------------------------------
ITERATION: 95
weighted/total_loss 7.80761194229126
weighted/task_loss 0.9720573425292969
weighted/prior_loss_var_l1 0.0
weighted/prior_loss_var_l2 0.0
weighted/loss_r_feature 5.785690784454346
weighted/loss_r_feature_first 1.0498638153076172
unweighted/task_loss 0.6480382084846497
unweighted/prior_loss_var_l1 0.6814574599266052
unweighted/prior_loss_var_l2 1848.696533203125
unweighted/loss_r_feature 578.569091796875
unweighted/loss_r_feature_first 0.5249319076538086
unweighted/inputs_norm 189.85699462890625
learning_Rate 0.0999109532639106
--------------------------------------------------
ITERATION: 96
weighted/total_loss 6.022531032562256
weighted/task_loss 0.9930515289306641
weighted/prior_loss_var_l1 0.0
weighted/prior_loss_var_l2 0.0
weighted/loss_r_feature 4.515927791595459
weighted/loss_r_feature_first 0.5135515928268433
unweighted/task_loss 0.6620343327522278
unweighted/prior_loss_var_l1 0.6301162242889404
unweighted/prior_loss_var_l2 1724.451904296875
unweighted/loss_r_feature 451.5928039550781
unweighted/loss_r_feature_first 0.25677579641342163
unweighted/inputs_norm 189.63253784179688
learning_Rate 0.09990906930052064
--------------------------------------------------
ITERATION: 97
weighted/total_loss 6.725305080413818
weighted/task_loss 1.2450861930847168
weighted/prior_loss_var_l1 0.0
weighted/prior_loss_var_l2 0.0
weighted/loss_r_feature 4.732548236846924
weighted/loss_r_feature_first 0.7476707696914673
unweighted/task_loss 0.8300574421882629
unweighted/prior_loss_var_l1 0.5108778476715088
unweighted/prior_loss_var_l2 1495.6424560546875
unweighted/loss_r_feature 473.25482177734375
unweighted/loss_r_feature_first 0.37383538484573364
unweighted/inputs_norm 189.6429443359375
learning_Rate 0.09990716563382054
--------------------------------------------------
ITERATION: 98
weighted/total_loss 7.752266883850098
weighted/task_loss 0.8003438711166382
weighted/prior_loss_var_l1 0.0
weighted/prior_loss_var_l2 0.0
weighted/loss_r_feature 5.609915256500244
weighted/loss_r_feature_first 1.3420078754425049
unweighted/task_loss 0.5335626006126404
unweighted/prior_loss_var_l1 0.7220015525817871
unweighted/prior_loss_var_l2 2008.48779296875
unweighted/loss_r_feature 560.9915161132812
unweighted/loss_r_feature_first 0.6710039377212524
unweighted/inputs_norm 189.99253845214844
learning_Rate 0.09990524226456181
--------------------------------------------------
ITERATION: 99
weighted/total_loss 9.388612747192383
weighted/task_loss 3.619365692138672
weighted/prior_loss_var_l1 0.0
weighted/prior_loss_var_l2 0.0
weighted/loss_r_feature 4.760099411010742
weighted/loss_r_feature_first 1.0091477632522583
unweighted/task_loss 2.4129104614257812
unweighted/prior_loss_var_l1 0.5267090797424316
unweighted/prior_loss_var_l2 1523.7498779296875
unweighted/loss_r_feature 476.00994873046875
unweighted/loss_r_feature_first 0.5045738816261292
unweighted/inputs_norm 189.42979431152344
learning_Rate 0.0999032991935038
--------------------------------------------------
ITERATION: 100
weighted/total_loss 7.862927436828613
weighted/task_loss 1.0047061443328857
weighted/prior_loss_var_l1 0.0
weighted/prior_loss_var_l2 0.0
weighted/loss_r_feature 5.535141944885254
weighted/loss_r_feature_first 1.323079228401184
unweighted/task_loss 0.6698040962219238
unweighted/prior_loss_var_l1 0.6364321112632751
unweighted/prior_loss_var_l2 1726.59130859375
unweighted/loss_r_feature 553.5142211914062
unweighted/loss_r_feature_first 0.661539614200592
unweighted/inputs_norm 190.09327697753906
learning_Rate 0.09990133642141356
Verifier InvImage mPrec: 0.7865 mRec: 1.0 mAP: 0.995 mF1: 0.843 
Teacher InvImage mPrec: 0.7865 mRec: 1.0 mAP: 0.995 mF1: 0.843 
--------------------------------------------------
ITERATION: 101
weighted/total_loss 8.41813850402832
weighted/task_loss 3.368834972381592
weighted/prior_loss_var_l1 0.0
weighted/prior_loss_var_l2 0.0
weighted/loss_r_feature 4.344834327697754
weighted/loss_r_feature_first 0.7044695615768433
unweighted/task_loss 2.245889902114868
unweighted/prior_loss_var_l1 0.5470172166824341
unweighted/prior_loss_var_l2 1540.75830078125
unweighted/loss_r_feature 434.48345947265625
unweighted/loss_r_feature_first 0.35223478078842163
unweighted/inputs_norm 190.06423950195312
learning_Rate 0.099899353949066
--------------------------------------------------
ITERATION: 102
weighted/total_loss 30.162721633911133
weighted/task_loss 24.115306854248047
weighted/prior_loss_var_l1 0.0
weighted/prior_loss_var_l2 0.0
weighted/loss_r_feature 4.86532735824585
weighted/loss_r_feature_first 1.1820868253707886
unweighted/task_loss 16.076871871948242
unweighted/prior_loss_var_l1 0.5344330072402954
unweighted/prior_loss_var_l2 1546.675048828125
unweighted/loss_r_feature 486.5327453613281
unweighted/loss_r_feature_first 0.5910434126853943
unweighted/inputs_norm 190.50184631347656
learning_Rate 0.09989735177724375
--------------------------------------------------
ITERATION: 103
weighted/total_loss 6.941679954528809
weighted/task_loss 1.7080869674682617
weighted/prior_loss_var_l1 0.0
weighted/prior_loss_var_l2 0.0
weighted/loss_r_feature 4.454104900360107
weighted/loss_r_feature_first 0.7794880867004395
unweighted/task_loss 1.138724684715271
unweighted/prior_loss_var_l1 0.5553122758865356
unweighted/prior_loss_var_l2 1612.833740234375
unweighted/loss_r_feature 445.4104919433594
unweighted/loss_r_feature_first 0.3897440433502197
unweighted/inputs_norm 190.64300537109375
learning_Rate 0.09989532990673726
--------------------------------------------------
ITERATION: 104
weighted/total_loss 7.739774703979492
weighted/task_loss 0.7778182029724121
weighted/prior_loss_var_l1 0.0
weighted/prior_loss_var_l2 0.0
weighted/loss_r_feature 5.683620452880859
weighted/loss_r_feature_first 1.2783360481262207
unweighted/task_loss 0.5185454487800598
unweighted/prior_loss_var_l1 0.6701619625091553
unweighted/prior_loss_var_l2 1839.80712890625
unweighted/loss_r_feature 568.362060546875
unweighted/loss_r_feature_first 0.6391680240631104
unweighted/inputs_norm 190.63426208496094
learning_Rate 0.0998932883383447
--------------------------------------------------
ITERATION: 105
weighted/total_loss 6.803088188171387
weighted/task_loss 1.0302897691726685
weighted/prior_loss_var_l1 0.0
weighted/prior_loss_var_l2 0.0
weighted/loss_r_feature 4.986077785491943
weighted/loss_r_feature_first 0.786720871925354
unweighted/task_loss 0.6868598461151123
unweighted/prior_loss_var_l1 0.5934199690818787
unweighted/prior_loss_var_l2 1639.60693359375
unweighted/loss_r_feature 498.6077880859375
unweighted/loss_r_feature_first 0.393360435962677
unweighted/inputs_norm 190.35203552246094
learning_Rate 0.09989122707287207
--------------------------------------------------
ITERATION: 106
weighted/total_loss 6.469104290008545
weighted/task_loss 0.7612075805664062
weighted/prior_loss_var_l1 0.0
weighted/prior_loss_var_l2 0.0
weighted/loss_r_feature 4.826441764831543
weighted/loss_r_feature_first 0.8814550638198853
unweighted/task_loss 0.5074717402458191
unweighted/prior_loss_var_l1 0.621187150478363
unweighted/prior_loss_var_l2 1740.4051513671875
unweighted/loss_r_feature 482.6441955566406
unweighted/loss_r_feature_first 0.4407275319099426
unweighted/inputs_norm 190.82763671875
learning_Rate 0.0998891461111331
--------------------------------------------------
ITERATION: 107
weighted/total_loss 7.411142349243164
weighted/task_loss 1.8128247261047363
weighted/prior_loss_var_l1 0.0
weighted/prior_loss_var_l2 0.0
weighted/loss_r_feature 4.448592662811279
weighted/loss_r_feature_first 1.1497247219085693
unweighted/task_loss 1.2085498571395874
unweighted/prior_loss_var_l1 0.5194538831710815
unweighted/prior_loss_var_l2 1490.6923828125
unweighted/loss_r_feature 444.8592529296875
unweighted/loss_r_feature_first 0.5748623609542847
unweighted/inputs_norm 190.7346649169922
learning_Rate 0.09988704545394934
--------------------------------------------------
ITERATION: 108
weighted/total_loss 8.160995483398438
weighted/task_loss 2.022576093673706
weighted/prior_loss_var_l1 0.0
weighted/prior_loss_var_l2 0.0
weighted/loss_r_feature 4.955627918243408
weighted/loss_r_feature_first 1.1827921867370605
unweighted/task_loss 1.3483840227127075
unweighted/prior_loss_var_l1 0.588522732257843
unweighted/prior_loss_var_l2 1690.5946044921875
unweighted/loss_r_feature 495.56280517578125
unweighted/loss_r_feature_first 0.5913960933685303
unweighted/inputs_norm 191.11819458007812
learning_Rate 0.0998849251021501
--------------------------------------------------
ITERATION: 109
weighted/total_loss 8.150691986083984
weighted/task_loss 1.648524522781372
weighted/prior_loss_var_l1 0.0
weighted/prior_loss_var_l2 0.0
weighted/loss_r_feature 5.265058517456055
weighted/loss_r_feature_first 1.2371095418930054
unweighted/task_loss 1.0990163087844849
unweighted/prior_loss_var_l1 0.5778453350067139
unweighted/prior_loss_var_l2 1652.7392578125
unweighted/loss_r_feature 526.505859375
unweighted/loss_r_feature_first 0.6185547709465027
unweighted/inputs_norm 191.0218963623047
learning_Rate 0.09988278505657246
--------------------------------------------------
ITERATION: 110
weighted/total_loss 31.48151206970215
weighted/task_loss 25.305782318115234
weighted/prior_loss_var_l1 0.0
weighted/prior_loss_var_l2 0.0
weighted/loss_r_feature 5.107828140258789
weighted/loss_r_feature_first 1.0679022073745728
unweighted/task_loss 16.870521545410156
unweighted/prior_loss_var_l1 0.6367533802986145
unweighted/prior_loss_var_l2 1741.3238525390625
unweighted/loss_r_feature 510.7828369140625
unweighted/loss_r_feature_first 0.5339511036872864
unweighted/inputs_norm 191.16998291015625
learning_Rate 0.09988062531806124
--------------------------------------------------
ITERATION: 111
weighted/total_loss 6.853097915649414
weighted/task_loss 1.1033453941345215
weighted/prior_loss_var_l1 0.0
weighted/prior_loss_var_l2 0.0
weighted/loss_r_feature 5.061943531036377
weighted/loss_r_feature_first 0.6878087520599365
unweighted/task_loss 0.7355635762214661
unweighted/prior_loss_var_l1 0.6854240894317627
unweighted/prior_loss_var_l2 1850.588623046875
unweighted/loss_r_feature 506.1943664550781
unweighted/loss_r_feature_first 0.34390437602996826
unweighted/inputs_norm 191.1175537109375
learning_Rate 0.09987844588746914
--------------------------------------------------
ITERATION: 112
weighted/total_loss 8.386922836303711
weighted/task_loss 1.0051755905151367
weighted/prior_loss_var_l1 0.0
weighted/prior_loss_var_l2 0.0
weighted/loss_r_feature 5.727697849273682
weighted/loss_r_feature_first 1.6540496349334717
unweighted/task_loss 0.6701170802116394
unweighted/prior_loss_var_l1 0.5580339431762695
unweighted/prior_loss_var_l2 1619.3043212890625
unweighted/loss_r_feature 572.769775390625
unweighted/loss_r_feature_first 0.8270248174667358
unweighted/inputs_norm 190.84295654296875
learning_Rate 0.09987624676565651
--------------------------------------------------
ITERATION: 113
weighted/total_loss 9.275134086608887
weighted/task_loss 3.555607318878174
weighted/prior_loss_var_l1 0.0
weighted/prior_loss_var_l2 0.0
weighted/loss_r_feature 4.758767127990723
weighted/loss_r_feature_first 0.9607590436935425
unweighted/task_loss 2.3704049587249756
unweighted/prior_loss_var_l1 0.5605077147483826
unweighted/prior_loss_var_l2 1621.343505859375
unweighted/loss_r_feature 475.876708984375
unweighted/loss_r_feature_first 0.48037952184677124
unweighted/inputs_norm 191.20907592773438
learning_Rate 0.09987402795349153
--------------------------------------------------
ITERATION: 114
weighted/total_loss 8.755072593688965
weighted/task_loss 3.2741825580596924
weighted/prior_loss_var_l1 0.0
weighted/prior_loss_var_l2 0.0
weighted/loss_r_feature 4.735588073730469
weighted/loss_r_feature_first 0.7453023791313171
unweighted/task_loss 2.182788372039795
unweighted/prior_loss_var_l1 0.5919598937034607
unweighted/prior_loss_var_l2 1648.5733642578125
unweighted/loss_r_feature 473.558837890625
unweighted/loss_r_feature_first 0.37265118956565857
unweighted/inputs_norm 191.49000549316406
learning_Rate 0.09987178945185017
--------------------------------------------------
ITERATION: 115
weighted/total_loss 7.132439613342285
weighted/task_loss 1.1581995487213135
weighted/prior_loss_var_l1 0.0
weighted/prior_loss_var_l2 0.0
weighted/loss_r_feature 5.303438186645508
weighted/loss_r_feature_first 0.6708019971847534
unweighted/task_loss 0.7721329927444458
unweighted/prior_loss_var_l1 0.6200400590896606
unweighted/prior_loss_var_l2 1724.587158203125
unweighted/loss_r_feature 530.3438110351562
unweighted/loss_r_feature_first 0.3354009985923767
unweighted/inputs_norm 191.8761749267578
learning_Rate 0.09986953126161617
--------------------------------------------------
ITERATION: 116
weighted/total_loss 7.343407154083252
weighted/task_loss 1.0122309923171997
weighted/prior_loss_var_l1 0.0
weighted/prior_loss_var_l2 0.0
weighted/loss_r_feature 5.1645636558532715
weighted/loss_r_feature_first 1.1666126251220703
unweighted/task_loss 0.6748206615447998
unweighted/prior_loss_var_l1 0.6148958206176758
unweighted/prior_loss_var_l2 1763.4637451171875
unweighted/loss_r_feature 516.4563598632812
unweighted/loss_r_feature_first 0.5833063125610352
unweighted/inputs_norm 191.6755828857422
learning_Rate 0.09986725338368099
--------------------------------------------------
ITERATION: 117
weighted/total_loss 6.276524066925049
weighted/task_loss 0.9284971952438354
weighted/prior_loss_var_l1 0.0
weighted/prior_loss_var_l2 0.0
weighted/loss_r_feature 4.489411354064941
weighted/loss_r_feature_first 0.8586152791976929
unweighted/task_loss 0.618998110294342
unweighted/prior_loss_var_l1 0.5943368673324585
unweighted/prior_loss_var_l2 1660.2191162109375
unweighted/loss_r_feature 448.941162109375
unweighted/loss_r_feature_first 0.42930763959884644
unweighted/inputs_norm 191.5358123779297
learning_Rate 0.09986495581894392
--------------------------------------------------
ITERATION: 118
weighted/total_loss 7.620053768157959
weighted/task_loss 1.3988103866577148
weighted/prior_loss_var_l1 0.0
weighted/prior_loss_var_l2 0.0
weighted/loss_r_feature 5.544589042663574
weighted/loss_r_feature_first 0.6766542792320251
unweighted/task_loss 0.932540237903595
unweighted/prior_loss_var_l1 0.6686490178108215
unweighted/prior_loss_var_l2 1860.140869140625
unweighted/loss_r_feature 554.4589233398438
unweighted/loss_r_feature_first 0.3383271396160126
unweighted/inputs_norm 191.6085662841797
learning_Rate 0.09986263856831201
--------------------------------------------------
ITERATION: 119
weighted/total_loss 6.520979881286621
weighted/task_loss 0.9443366527557373
weighted/prior_loss_var_l1 0.0
weighted/prior_loss_var_l2 0.0
weighted/loss_r_feature 4.839481830596924
weighted/loss_r_feature_first 0.7371616363525391
unweighted/task_loss 0.6295577883720398
unweighted/prior_loss_var_l1 0.6282299757003784
unweighted/prior_loss_var_l2 1735.727294921875
unweighted/loss_r_feature 483.94818115234375
unweighted/loss_r_feature_first 0.36858081817626953
unweighted/inputs_norm 191.11398315429688
learning_Rate 0.09986030163270007
--------------------------------------------------
ITERATION: 120
weighted/total_loss 6.673659324645996
weighted/task_loss 1.0288934707641602
weighted/prior_loss_var_l1 0.0
weighted/prior_loss_var_l2 0.0
weighted/loss_r_feature 4.929844379425049
weighted/loss_r_feature_first 0.7149215340614319
unweighted/task_loss 0.6859289407730103
unweighted/prior_loss_var_l1 0.646583616733551
unweighted/prior_loss_var_l2 1832.7835693359375
unweighted/loss_r_feature 492.98443603515625
unweighted/loss_r_feature_first 0.35746076703071594
unweighted/inputs_norm 190.9800567626953
learning_Rate 0.09985794501303066
--------------------------------------------------
ITERATION: 121
weighted/total_loss 7.433956623077393
weighted/task_loss 2.1706302165985107
weighted/prior_loss_var_l1 0.0
weighted/prior_loss_var_l2 0.0
weighted/loss_r_feature 4.5685319900512695
weighted/loss_r_feature_first 0.6947942972183228
unweighted/task_loss 1.4470868110656738
unweighted/prior_loss_var_l1 0.6839081645011902
unweighted/prior_loss_var_l2 1910.3782958984375
unweighted/loss_r_feature 456.85321044921875
unweighted/loss_r_feature_first 0.3473971486091614
unweighted/inputs_norm 190.78660583496094
learning_Rate 0.09985556871023417
--------------------------------------------------
ITERATION: 122
weighted/total_loss 9.637330055236816
weighted/task_loss 2.958160161972046
weighted/prior_loss_var_l1 0.0
weighted/prior_loss_var_l2 0.0
weighted/loss_r_feature 5.431523323059082
weighted/loss_r_feature_first 1.2476465702056885
unweighted/task_loss 1.9721068143844604
unweighted/prior_loss_var_l1 0.6415920257568359
unweighted/prior_loss_var_l2 1767.27001953125
unweighted/loss_r_feature 543.15234375
unweighted/loss_r_feature_first 0.6238232851028442
unweighted/inputs_norm 190.61643981933594
learning_Rate 0.09985317272524873
--------------------------------------------------
ITERATION: 123
weighted/total_loss 12.469637870788574
weighted/task_loss 2.8392834663391113
weighted/prior_loss_var_l1 0.0
weighted/prior_loss_var_l2 0.0
weighted/loss_r_feature 7.934004783630371
weighted/loss_r_feature_first 1.6963493824005127
unweighted/task_loss 1.8928556442260742
unweighted/prior_loss_var_l1 0.5895432829856873
unweighted/prior_loss_var_l2 1624.082275390625
unweighted/loss_r_feature 793.4005126953125
unweighted/loss_r_feature_first 0.8481746912002563
unweighted/inputs_norm 190.5396728515625
learning_Rate 0.09985075705902019
--------------------------------------------------
ITERATION: 124
weighted/total_loss 9.878693580627441
weighted/task_loss 2.315769672393799
weighted/prior_loss_var_l1 0.0
weighted/prior_loss_var_l2 0.0
weighted/loss_r_feature 6.123291969299316
weighted/loss_r_feature_first 1.439631700515747
unweighted/task_loss 1.5438464879989624
unweighted/prior_loss_var_l1 0.6085988283157349
unweighted/prior_loss_var_l2 1714.59130859375
unweighted/loss_r_feature 612.3292236328125
unweighted/loss_r_feature_first 0.7198158502578735
unweighted/inputs_norm 190.848388671875
learning_Rate 0.09984832171250226
--------------------------------------------------
ITERATION: 125
weighted/total_loss 7.336874008178711
weighted/task_loss 0.8817483186721802
weighted/prior_loss_var_l1 0.0
weighted/prior_loss_var_l2 0.0
weighted/loss_r_feature 5.7594804763793945
weighted/loss_r_feature_first 0.6956455111503601
unweighted/task_loss 0.5878322124481201
unweighted/prior_loss_var_l1 0.6961816549301147
unweighted/prior_loss_var_l2 1916.47119140625
unweighted/loss_r_feature 575.9480590820312
unweighted/loss_r_feature_first 0.34782275557518005
unweighted/inputs_norm 191.23988342285156
learning_Rate 0.09984586668665636
--------------------------------------------------
ITERATION: 126
weighted/total_loss 6.776712417602539
weighted/task_loss 1.0292497873306274
weighted/prior_loss_var_l1 0.0
weighted/prior_loss_var_l2 0.0
weighted/loss_r_feature 4.904021263122559
weighted/loss_r_feature_first 0.8434414863586426
unweighted/task_loss 0.686166524887085
unweighted/prior_loss_var_l1 0.6099414825439453
unweighted/prior_loss_var_l2 1735.2386474609375
unweighted/loss_r_feature 490.4021301269531
unweighted/loss_r_feature_first 0.4217207431793213
unweighted/inputs_norm 190.9120635986328
learning_Rate 0.09984339198245169
--------------------------------------------------
ITERATION: 127
weighted/total_loss 6.885590553283691
weighted/task_loss 1.153267502784729
weighted/prior_loss_var_l1 0.0
weighted/prior_loss_var_l2 0.0
weighted/loss_r_feature 4.699378967285156
weighted/loss_r_feature_first 1.0329444408416748
unweighted/task_loss 0.7688450217247009
unweighted/prior_loss_var_l1 0.5560373663902283
unweighted/prior_loss_var_l2 1574.125732421875
unweighted/loss_r_feature 469.9378967285156
unweighted/loss_r_feature_first 0.5164722204208374
unweighted/inputs_norm 190.8595428466797
learning_Rate 0.09984089760086526
--------------------------------------------------
ITERATION: 128
weighted/total_loss 6.046449661254883
weighted/task_loss 1.1189537048339844
weighted/prior_loss_var_l1 0.0
weighted/prior_loss_var_l2 0.0
weighted/loss_r_feature 4.428576946258545
weighted/loss_r_feature_first 0.4989188313484192
unweighted/task_loss 0.7459691762924194
unweighted/prior_loss_var_l1 0.6621605753898621
unweighted/prior_loss_var_l2 1833.009765625
unweighted/loss_r_feature 442.8576965332031
unweighted/loss_r_feature_first 0.2494594156742096
unweighted/inputs_norm 191.14967346191406
learning_Rate 0.09983838354288176
--------------------------------------------------
ITERATION: 129
weighted/total_loss 7.036351203918457
weighted/task_loss 0.8542243242263794
weighted/prior_loss_var_l1 0.0
weighted/prior_loss_var_l2 0.0
weighted/loss_r_feature 4.842525005340576
weighted/loss_r_feature_first 1.339601993560791
unweighted/task_loss 0.5694828629493713
unweighted/prior_loss_var_l1 0.5436748266220093
unweighted/prior_loss_var_l2 1527.032958984375
unweighted/loss_r_feature 484.2525329589844
unweighted/loss_r_feature_first 0.6698009967803955
unweighted/inputs_norm 190.94091796875
learning_Rate 0.09983584980949374
--------------------------------------------------
ITERATION: 130
weighted/total_loss 7.316720962524414
weighted/task_loss 1.0055229663848877
weighted/prior_loss_var_l1 0.0
weighted/prior_loss_var_l2 0.0
weighted/loss_r_feature 5.195034027099609
weighted/loss_r_feature_first 1.116164207458496
unweighted/task_loss 0.6703486442565918
unweighted/prior_loss_var_l1 0.6683622598648071
unweighted/prior_loss_var_l2 1808.40234375
unweighted/loss_r_feature 519.50341796875
unweighted/loss_r_feature_first 0.558082103729248
unweighted/inputs_norm 191.27557373046875
learning_Rate 0.09983329640170145
--------------------------------------------------
ITERATION: 131
weighted/total_loss 8.283609390258789
weighted/task_loss 1.5542945861816406
weighted/prior_loss_var_l1 0.0
weighted/prior_loss_var_l2 0.0
weighted/loss_r_feature 5.754174709320068
weighted/loss_r_feature_first 0.9751400351524353
unweighted/task_loss 1.0361963510513306
unweighted/prior_loss_var_l1 0.5511029958724976
unweighted/prior_loss_var_l2 1563.388916015625
unweighted/loss_r_feature 575.41748046875
unweighted/loss_r_feature_first 0.48757001757621765
unweighted/inputs_norm 191.21583557128906
learning_Rate 0.09983072332051296
--------------------------------------------------
ITERATION: 132
weighted/total_loss 6.629635334014893
weighted/task_loss 1.3915560245513916
weighted/prior_loss_var_l1 0.0
weighted/prior_loss_var_l2 0.0
weighted/loss_r_feature 4.590722560882568
weighted/loss_r_feature_first 0.6473566293716431
unweighted/task_loss 0.9277039766311646
unweighted/prior_loss_var_l1 0.5052185654640198
unweighted/prior_loss_var_l2 1399.644287109375
unweighted/loss_r_feature 459.072265625
unweighted/loss_r_feature_first 0.32367831468582153
unweighted/inputs_norm 191.61122131347656
learning_Rate 0.09982813056694408
--------------------------------------------------
ITERATION: 133
weighted/total_loss 18.223939895629883
weighted/task_loss 9.033863067626953
weighted/prior_loss_var_l1 0.0
weighted/prior_loss_var_l2 0.0
weighted/loss_r_feature 7.47446870803833
weighted/loss_r_feature_first 1.7156089544296265
unweighted/task_loss 6.022575378417969
unweighted/prior_loss_var_l1 0.6217256188392639
unweighted/prior_loss_var_l2 1708.5538330078125
unweighted/loss_r_feature 747.4468994140625
unweighted/loss_r_feature_first 0.8578044772148132
unweighted/inputs_norm 192.0090789794922
learning_Rate 0.09982551814201836
--------------------------------------------------
ITERATION: 134
weighted/total_loss 9.025801658630371
weighted/task_loss 1.5457072257995605
weighted/prior_loss_var_l1 0.0
weighted/prior_loss_var_l2 0.0
weighted/loss_r_feature 6.054912090301514
weighted/loss_r_feature_first 1.4251821041107178
unweighted/task_loss 1.0304714441299438
unweighted/prior_loss_var_l1 0.6029496192932129
unweighted/prior_loss_var_l2 1681.2698974609375
unweighted/loss_r_feature 605.4912109375
unweighted/loss_r_feature_first 0.7125910520553589
unweighted/inputs_norm 191.61624145507812
learning_Rate 0.09982288604676716
--------------------------------------------------
ITERATION: 135
weighted/total_loss 7.552768230438232
weighted/task_loss 1.8698198795318604
weighted/prior_loss_var_l1 0.0
weighted/prior_loss_var_l2 0.0
weighted/loss_r_feature 4.849043369293213
weighted/loss_r_feature_first 0.8339046239852905
unweighted/task_loss 1.2465466260910034
unweighted/prior_loss_var_l1 0.5630185604095459
unweighted/prior_loss_var_l2 1612.8304443359375
unweighted/loss_r_feature 484.90435791015625
unweighted/loss_r_feature_first 0.41695231199264526
unweighted/inputs_norm 191.81434631347656
learning_Rate 0.09982023428222958
--------------------------------------------------
ITERATION: 136
weighted/total_loss 6.426258563995361
weighted/task_loss 0.8899339437484741
weighted/prior_loss_var_l1 0.0
weighted/prior_loss_var_l2 0.0
weighted/loss_r_feature 4.936950206756592
weighted/loss_r_feature_first 0.5993744134902954
unweighted/task_loss 0.593289315700531
unweighted/prior_loss_var_l1 0.6289762854576111
unweighted/prior_loss_var_l2 1744.3311767578125
unweighted/loss_r_feature 493.6950378417969
unweighted/loss_r_feature_first 0.2996872067451477
unweighted/inputs_norm 191.86550903320312
learning_Rate 0.09981756284945252
--------------------------------------------------
ITERATION: 137
weighted/total_loss 32.57807922363281
weighted/task_loss 26.83346176147461
weighted/prior_loss_var_l1 0.0
weighted/prior_loss_var_l2 0.0
weighted/loss_r_feature 4.657072067260742
weighted/loss_r_feature_first 1.0875434875488281
unweighted/task_loss 17.888975143432617
unweighted/prior_loss_var_l1 0.496958464384079
unweighted/prior_loss_var_l2 1533.418701171875
unweighted/loss_r_feature 465.70721435546875
unweighted/loss_r_feature_first 0.5437717437744141
unweighted/inputs_norm 191.8708953857422
learning_Rate 0.09981487174949061
--------------------------------------------------
ITERATION: 138
weighted/total_loss 6.213492393493652
weighted/task_loss 1.087486982345581
weighted/prior_loss_var_l1 0.0
weighted/prior_loss_var_l2 0.0
weighted/loss_r_feature 4.732710838317871
weighted/loss_r_feature_first 0.3932943046092987
unweighted/task_loss 0.7249913215637207
unweighted/prior_loss_var_l1 0.5880164504051208
unweighted/prior_loss_var_l2 1591.2669677734375
unweighted/loss_r_feature 473.2711181640625
unweighted/loss_r_feature_first 0.19664715230464935
unweighted/inputs_norm 192.0202178955078
learning_Rate 0.09981216098340626
--------------------------------------------------
ITERATION: 139
weighted/total_loss 7.443164825439453
weighted/task_loss 1.44140625
weighted/prior_loss_var_l1 0.0
weighted/prior_loss_var_l2 0.0
weighted/loss_r_feature 4.935883522033691
weighted/loss_r_feature_first 1.0658748149871826
unweighted/task_loss 0.9609375
unweighted/prior_loss_var_l1 0.6193628311157227
unweighted/prior_loss_var_l2 1719.405517578125
unweighted/loss_r_feature 493.58837890625
unweighted/loss_r_feature_first 0.5329374074935913
unweighted/inputs_norm 191.18174743652344
learning_Rate 0.0998094305522696
--------------------------------------------------
ITERATION: 140
weighted/total_loss 21.344581604003906
weighted/task_loss 14.364618301391602
weighted/prior_loss_var_l1 0.0
weighted/prior_loss_var_l2 0.0
weighted/loss_r_feature 5.593615531921387
weighted/loss_r_feature_first 1.3863496780395508
unweighted/task_loss 9.576412200927734
unweighted/prior_loss_var_l1 0.5594123601913452
unweighted/prior_loss_var_l2 1575.037109375
unweighted/loss_r_feature 559.361572265625
unweighted/loss_r_feature_first 0.6931748390197754
unweighted/inputs_norm 191.01731872558594
learning_Rate 0.09980668045715858
--------------------------------------------------
ITERATION: 141
weighted/total_loss 8.880041122436523
weighted/task_loss 2.6890573501586914
weighted/prior_loss_var_l1 0.0
weighted/prior_loss_var_l2 0.0
weighted/loss_r_feature 5.078643798828125
weighted/loss_r_feature_first 1.112339735031128
unweighted/task_loss 1.7927048206329346
unweighted/prior_loss_var_l1 0.5874205231666565
unweighted/prior_loss_var_l2 1676.1412353515625
unweighted/loss_r_feature 507.8644104003906
unweighted/loss_r_feature_first 0.556169867515564
unweighted/inputs_norm 191.29476928710938
learning_Rate 0.09980391069915892
--------------------------------------------------
ITERATION: 142
weighted/total_loss 6.828728199005127
weighted/task_loss 1.0402085781097412
weighted/prior_loss_var_l1 0.0
weighted/prior_loss_var_l2 0.0
weighted/loss_r_feature 4.693122386932373
weighted/loss_r_feature_first 1.0953975915908813
unweighted/task_loss 0.6934723854064941
unweighted/prior_loss_var_l1 0.5405609607696533
unweighted/prior_loss_var_l2 1501.292236328125
unweighted/loss_r_feature 469.312255859375
unweighted/loss_r_feature_first 0.5476987957954407
unweighted/inputs_norm 191.47308349609375
learning_Rate 0.09980112127936405
--------------------------------------------------
ITERATION: 143
weighted/total_loss 8.013160705566406
weighted/task_loss 2.719025135040283
weighted/prior_loss_var_l1 0.0
weighted/prior_loss_var_l2 0.0
weighted/loss_r_feature 4.534261226654053
weighted/loss_r_feature_first 0.759874701499939
unweighted/task_loss 1.812683343887329
unweighted/prior_loss_var_l1 0.5880494713783264
unweighted/prior_loss_var_l2 1694.659912109375
unweighted/loss_r_feature 453.4261169433594
unweighted/loss_r_feature_first 0.3799373507499695
unweighted/inputs_norm 191.65557861328125
learning_Rate 0.09979831219887521
--------------------------------------------------
ITERATION: 144
weighted/total_loss 7.616222381591797
weighted/task_loss 1.92948317527771
weighted/prior_loss_var_l1 0.0
weighted/prior_loss_var_l2 0.0
weighted/loss_r_feature 4.743945121765137
weighted/loss_r_feature_first 0.9427940249443054
unweighted/task_loss 1.2863221168518066
unweighted/prior_loss_var_l1 0.6028950810432434
unweighted/prior_loss_var_l2 1739.9947509765625
unweighted/loss_r_feature 474.39453125
unweighted/loss_r_feature_first 0.4713970124721527
unweighted/inputs_norm 191.4812469482422
learning_Rate 0.09979548345880136
--------------------------------------------------
ITERATION: 145
weighted/total_loss 19.104032516479492
weighted/task_loss 14.316116333007812
weighted/prior_loss_var_l1 0.0
weighted/prior_loss_var_l2 0.0
weighted/loss_r_feature 4.368568420410156
weighted/loss_r_feature_first 0.4193483591079712
unweighted/task_loss 9.54407787322998
unweighted/prior_loss_var_l1 0.5927796363830566
unweighted/prior_loss_var_l2 1635.5799560546875
unweighted/loss_r_feature 436.85687255859375
unweighted/loss_r_feature_first 0.2096741795539856
unweighted/inputs_norm 191.4131317138672
learning_Rate 0.09979263506025923
--------------------------------------------------
ITERATION: 146
weighted/total_loss 7.624419689178467
weighted/task_loss 1.5372321605682373
weighted/prior_loss_var_l1 0.0
weighted/prior_loss_var_l2 0.0
weighted/loss_r_feature 4.824714660644531
weighted/loss_r_feature_first 1.2624727487564087
unweighted/task_loss 1.024821400642395
unweighted/prior_loss_var_l1 0.562873899936676
unweighted/prior_loss_var_l2 1564.7578125
unweighted/loss_r_feature 482.4714660644531
unweighted/loss_r_feature_first 0.6312363743782043
unweighted/inputs_norm 191.57113647460938
learning_Rate 0.09978976700437336
--------------------------------------------------
ITERATION: 147
weighted/total_loss 11.016186714172363
weighted/task_loss 3.2937393188476562
weighted/prior_loss_var_l1 0.0
weighted/prior_loss_var_l2 0.0
weighted/loss_r_feature 6.306542873382568
weighted/loss_r_feature_first 1.4159044027328491
unweighted/task_loss 2.195826292037964
unweighted/prior_loss_var_l1 0.5430574417114258
unweighted/prior_loss_var_l2 1600.3331298828125
unweighted/loss_r_feature 630.654296875
unweighted/loss_r_feature_first 0.7079522013664246
unweighted/inputs_norm 191.84429931640625
learning_Rate 0.099786879292276
--------------------------------------------------
ITERATION: 148
weighted/total_loss 31.03738784790039
weighted/task_loss 24.61563491821289
weighted/prior_loss_var_l1 0.0
weighted/prior_loss_var_l2 0.0
weighted/loss_r_feature 5.3606133460998535
weighted/loss_r_feature_first 1.061141014099121
unweighted/task_loss 16.410423278808594
unweighted/prior_loss_var_l1 0.5226042866706848
unweighted/prior_loss_var_l2 1502.931640625
unweighted/loss_r_feature 536.0613403320312
unweighted/loss_r_feature_first 0.5305705070495605
unweighted/inputs_norm 191.9517822265625
learning_Rate 0.09978397192510716
--------------------------------------------------
ITERATION: 149
weighted/total_loss 9.267298698425293
weighted/task_loss 1.2125691175460815
weighted/prior_loss_var_l1 0.0
weighted/prior_loss_var_l2 0.0
weighted/loss_r_feature 6.665776252746582
weighted/loss_r_feature_first 1.3889532089233398
unweighted/task_loss 0.8083794116973877
unweighted/prior_loss_var_l1 0.6894632577896118
unweighted/prior_loss_var_l2 1910.1890869140625
unweighted/loss_r_feature 666.57763671875
unweighted/loss_r_feature_first 0.6944766044616699
unweighted/inputs_norm 192.02171325683594
learning_Rate 0.09978104490401463
--------------------------------------------------
ITERATION: 150
weighted/total_loss 7.365861892700195
weighted/task_loss 1.1153271198272705
weighted/prior_loss_var_l1 0.0
weighted/prior_loss_var_l2 0.0
weighted/loss_r_feature 5.454344749450684
weighted/loss_r_feature_first 0.7961903810501099
unweighted/task_loss 0.7435513734817505
unweighted/prior_loss_var_l1 0.6166011691093445
unweighted/prior_loss_var_l2 1743.0299072265625
unweighted/loss_r_feature 545.4345092773438
unweighted/loss_r_feature_first 0.39809519052505493
unweighted/inputs_norm 191.60406494140625
learning_Rate 0.09977809823015395
--------------------------------------------------
ITERATION: 151
weighted/total_loss 10.053576469421387
weighted/task_loss 3.193063974380493
weighted/prior_loss_var_l1 0.0
weighted/prior_loss_var_l2 0.0
weighted/loss_r_feature 5.406924724578857
weighted/loss_r_feature_first 1.4535874128341675
unweighted/task_loss 2.128709316253662
unweighted/prior_loss_var_l1 0.6176160573959351
unweighted/prior_loss_var_l2 1710.60986328125
unweighted/loss_r_feature 540.6925048828125
unweighted/loss_r_feature_first 0.7267937064170837
unweighted/inputs_norm 191.6201934814453
learning_Rate 0.09977513190468842
--------------------------------------------------
ITERATION: 152
weighted/total_loss 10.398097038269043
weighted/task_loss 3.9028048515319824
weighted/prior_loss_var_l1 0.0
weighted/prior_loss_var_l2 0.0
weighted/loss_r_feature 5.547529697418213
weighted/loss_r_feature_first 0.9477623701095581
unweighted/task_loss 2.601869821548462
unweighted/prior_loss_var_l1 0.5304584503173828
unweighted/prior_loss_var_l2 1543.378662109375
unweighted/loss_r_feature 554.7529907226562
unweighted/loss_r_feature_first 0.47388118505477905
unweighted/inputs_norm 191.5880889892578
learning_Rate 0.09977214592878911
--------------------------------------------------
ITERATION: 153
weighted/total_loss 7.496894359588623
weighted/task_loss 1.2524023056030273
weighted/prior_loss_var_l1 0.0
weighted/prior_loss_var_l2 0.0
weighted/loss_r_feature 5.204769134521484
weighted/loss_r_feature_first 1.0397229194641113
unweighted/task_loss 0.8349348306655884
unweighted/prior_loss_var_l1 0.6039727330207825
unweighted/prior_loss_var_l2 1691.942626953125
unweighted/loss_r_feature 520.4769287109375
unweighted/loss_r_feature_first 0.5198614597320557
unweighted/inputs_norm 192.03497314453125
learning_Rate 0.09976914030363482
--------------------------------------------------
ITERATION: 154
weighted/total_loss 33.96028518676758
weighted/task_loss 27.82324981689453
weighted/prior_loss_var_l1 0.0
weighted/prior_loss_var_l2 0.0
weighted/loss_r_feature 4.97451114654541
weighted/loss_r_feature_first 1.1625242233276367
unweighted/task_loss 18.5488338470459
unweighted/prior_loss_var_l1 0.5907338261604309
unweighted/prior_loss_var_l2 1674.898681640625
unweighted/loss_r_feature 497.4511413574219
unweighted/loss_r_feature_first 0.5812621116638184
unweighted/inputs_norm 192.11456298828125
learning_Rate 0.09976611503041213
--------------------------------------------------
ITERATION: 155
weighted/total_loss 8.926637649536133
weighted/task_loss 1.5222325325012207
weighted/prior_loss_var_l1 0.0
weighted/prior_loss_var_l2 0.0
weighted/loss_r_feature 6.062238693237305
weighted/loss_r_feature_first 1.3421660661697388
unweighted/task_loss 1.0148216485977173
unweighted/prior_loss_var_l1 0.599933922290802
unweighted/prior_loss_var_l2 1675.06005859375
unweighted/loss_r_feature 606.223876953125
unweighted/loss_r_feature_first 0.6710830330848694
unweighted/inputs_norm 192.1831817626953
learning_Rate 0.09976307011031538
--------------------------------------------------
ITERATION: 156
weighted/total_loss 7.148995399475098
weighted/task_loss 1.4733293056488037
weighted/prior_loss_var_l1 0.0
weighted/prior_loss_var_l2 0.0
weighted/loss_r_feature 4.895434379577637
weighted/loss_r_feature_first 0.7802317142486572
unweighted/task_loss 0.9822195768356323
unweighted/prior_loss_var_l1 0.6136072278022766
unweighted/prior_loss_var_l2 1683.1171875
unweighted/loss_r_feature 489.54345703125
unweighted/loss_r_feature_first 0.3901158571243286
unweighted/inputs_norm 192.2643585205078
learning_Rate 0.09976000554454663
--------------------------------------------------
ITERATION: 157
weighted/total_loss 10.350224494934082
weighted/task_loss 4.139329433441162
weighted/prior_loss_var_l1 0.0
weighted/prior_loss_var_l2 0.0
weighted/loss_r_feature 4.986584663391113
weighted/loss_r_feature_first 1.2243105173110962
unweighted/task_loss 2.7595529556274414
unweighted/prior_loss_var_l1 0.6141419410705566
unweighted/prior_loss_var_l2 1725.7216796875
unweighted/loss_r_feature 498.6584777832031
unweighted/loss_r_feature_first 0.6121552586555481
unweighted/inputs_norm 192.2611083984375
learning_Rate 0.09975692133431574
--------------------------------------------------
ITERATION: 158
weighted/total_loss 5.852957725524902
weighted/task_loss 0.9963675737380981
weighted/prior_loss_var_l1 0.0
weighted/prior_loss_var_l2 0.0
weighted/loss_r_feature 4.367480754852295
weighted/loss_r_feature_first 0.48910951614379883
unweighted/task_loss 0.664245069026947
unweighted/prior_loss_var_l1 0.5691606998443604
unweighted/prior_loss_var_l2 1551.1142578125
unweighted/loss_r_feature 436.7480773925781
unweighted/loss_r_feature_first 0.24455475807189941
unweighted/inputs_norm 191.98451232910156
learning_Rate 0.09975381748084029
--------------------------------------------------
ITERATION: 159
weighted/total_loss 7.275613307952881
weighted/task_loss 1.026742696762085
weighted/prior_loss_var_l1 0.0
weighted/prior_loss_var_l2 0.0
weighted/loss_r_feature 5.121104717254639
weighted/loss_r_feature_first 1.1277662515640259
unweighted/task_loss 0.6844951510429382
unweighted/prior_loss_var_l1 0.6278602480888367
unweighted/prior_loss_var_l2 1716.014404296875
unweighted/loss_r_feature 512.1104736328125
unweighted/loss_r_feature_first 0.5638831257820129
unweighted/inputs_norm 192.32887268066406
learning_Rate 0.09975069398534568
--------------------------------------------------
ITERATION: 160
weighted/total_loss 6.931128025054932
weighted/task_loss 0.8858197331428528
weighted/prior_loss_var_l1 0.0
weighted/prior_loss_var_l2 0.0
weighted/loss_r_feature 5.342549800872803
weighted/loss_r_feature_first 0.7027584910392761
unweighted/task_loss 0.5905464887619019
unweighted/prior_loss_var_l1 0.6275819540023804
unweighted/prior_loss_var_l2 1732.3125
unweighted/loss_r_feature 534.2550048828125
unweighted/loss_r_feature_first 0.35137924551963806
unweighted/inputs_norm 192.31661987304688
learning_Rate 0.09974755084906498
--------------------------------------------------
ITERATION: 161
weighted/total_loss 8.863495826721191
weighted/task_loss 3.3000926971435547
weighted/prior_loss_var_l1 0.0
weighted/prior_loss_var_l2 0.0
weighted/loss_r_feature 4.5493597984313965
weighted/loss_r_feature_first 1.0140433311462402
unweighted/task_loss 2.200061798095703
unweighted/prior_loss_var_l1 0.565330445766449
unweighted/prior_loss_var_l2 1661.2569580078125
unweighted/loss_r_feature 454.93597412109375
unweighted/loss_r_feature_first 0.5070216655731201
unweighted/inputs_norm 192.30455017089844
learning_Rate 0.09974438807323903
--------------------------------------------------
ITERATION: 162
weighted/total_loss 7.142282962799072
weighted/task_loss 1.2645058631896973
weighted/prior_loss_var_l1 0.0
weighted/prior_loss_var_l2 0.0
weighted/loss_r_feature 5.158388614654541
weighted/loss_r_feature_first 0.719388484954834
unweighted/task_loss 0.8430038690567017
unweighted/prior_loss_var_l1 0.6446297764778137
unweighted/prior_loss_var_l2 1801.172607421875
unweighted/loss_r_feature 515.8388671875
unweighted/loss_r_feature_first 0.359694242477417
unweighted/inputs_norm 192.4343719482422
learning_Rate 0.09974120565911648
--------------------------------------------------
ITERATION: 163
weighted/total_loss 7.307010173797607
weighted/task_loss 1.251711368560791
weighted/prior_loss_var_l1 0.0
weighted/prior_loss_var_l2 0.0
weighted/loss_r_feature 4.970460891723633
weighted/loss_r_feature_first 1.0848379135131836
unweighted/task_loss 0.8344742655754089
unweighted/prior_loss_var_l1 0.6166408658027649
unweighted/prior_loss_var_l2 1747.9393310546875
unweighted/loss_r_feature 497.0461120605469
unweighted/loss_r_feature_first 0.5424189567565918
unweighted/inputs_norm 192.39122009277344
learning_Rate 0.09973800360795368
--------------------------------------------------
ITERATION: 164
weighted/total_loss 7.026603698730469
weighted/task_loss 1.4346250295639038
weighted/prior_loss_var_l1 0.0
weighted/prior_loss_var_l2 0.0
weighted/loss_r_feature 4.574802875518799
weighted/loss_r_feature_first 1.0171756744384766
unweighted/task_loss 0.956416666507721
unweighted/prior_loss_var_l1 0.5497424006462097
unweighted/prior_loss_var_l2 1593.3526611328125
unweighted/loss_r_feature 457.48028564453125
unweighted/loss_r_feature_first 0.5085878372192383
unweighted/inputs_norm 192.36679077148438
learning_Rate 0.09973478192101475
--------------------------------------------------
ITERATION: 165
weighted/total_loss 6.478837013244629
weighted/task_loss 1.7467000484466553
weighted/prior_loss_var_l1 0.0
weighted/prior_loss_var_l2 0.0
weighted/loss_r_feature 4.349084854125977
weighted/loss_r_feature_first 0.3830518424510956
unweighted/task_loss 1.1644667387008667
unweighted/prior_loss_var_l1 0.5521554350852966
unweighted/prior_loss_var_l2 1591.5860595703125
unweighted/loss_r_feature 434.9084777832031
unweighted/loss_r_feature_first 0.1915259212255478
unweighted/inputs_norm 192.607177734375
learning_Rate 0.09973154059957157
--------------------------------------------------
ITERATION: 166
weighted/total_loss 8.349996566772461
weighted/task_loss 0.7498929500579834
weighted/prior_loss_var_l1 0.0
weighted/prior_loss_var_l2 0.0
weighted/loss_r_feature 5.951451778411865
weighted/loss_r_feature_first 1.6486520767211914
unweighted/task_loss 0.49992862343788147
unweighted/prior_loss_var_l1 0.6162278056144714
unweighted/prior_loss_var_l2 1712.457275390625
unweighted/loss_r_feature 595.1452026367188
unweighted/loss_r_feature_first 0.8243260383605957
unweighted/inputs_norm 192.53428649902344
learning_Rate 0.09972827964490376
--------------------------------------------------
ITERATION: 167
weighted/total_loss 7.89116096496582
weighted/task_loss 2.135704278945923
weighted/prior_loss_var_l1 0.0
weighted/prior_loss_var_l2 0.0
weighted/loss_r_feature 4.861605167388916
weighted/loss_r_feature_first 0.8938515186309814
unweighted/task_loss 1.4238028526306152
unweighted/prior_loss_var_l1 0.5586928129196167
unweighted/prior_loss_var_l2 1637.3597412109375
unweighted/loss_r_feature 486.1605224609375
unweighted/loss_r_feature_first 0.4469257593154907
unweighted/inputs_norm 192.0401153564453
learning_Rate 0.09972499905829868
--------------------------------------------------
ITERATION: 168
weighted/total_loss 7.900888442993164
weighted/task_loss 2.3290162086486816
weighted/prior_loss_var_l1 0.0
weighted/prior_loss_var_l2 0.0
weighted/loss_r_feature 4.501460075378418
weighted/loss_r_feature_first 1.070412039756775
unweighted/task_loss 1.5526773929595947
unweighted/prior_loss_var_l1 0.533333420753479
unweighted/prior_loss_var_l2 1557.456787109375
unweighted/loss_r_feature 450.14599609375
unweighted/loss_r_feature_first 0.5352060198783875
unweighted/inputs_norm 192.49057006835938
learning_Rate 0.09972169884105148
--------------------------------------------------
ITERATION: 169
weighted/total_loss 6.987657070159912
weighted/task_loss 0.8390530347824097
weighted/prior_loss_var_l1 0.0
weighted/prior_loss_var_l2 0.0
weighted/loss_r_feature 5.086453437805176
weighted/loss_r_feature_first 1.0621505975723267
unweighted/task_loss 0.5593686699867249
unweighted/prior_loss_var_l1 0.6335999369621277
unweighted/prior_loss_var_l2 1763.8065185546875
unweighted/loss_r_feature 508.6453552246094
unweighted/loss_r_feature_first 0.5310752987861633
unweighted/inputs_norm 192.74986267089844
learning_Rate 0.09971837899446499
--------------------------------------------------
ITERATION: 170
weighted/total_loss 30.939626693725586
weighted/task_loss 25.3113956451416
weighted/prior_loss_var_l1 0.0
weighted/prior_loss_var_l2 0.0
weighted/loss_r_feature 4.594494819641113
weighted/loss_r_feature_first 1.0337355136871338
unweighted/task_loss 16.874263763427734
unweighted/prior_loss_var_l1 0.5546272993087769
unweighted/prior_loss_var_l2 1589.181396484375
unweighted/loss_r_feature 459.4494934082031
unweighted/loss_r_feature_first 0.5168677568435669
unweighted/inputs_norm 192.5867919921875
learning_Rate 0.09971503951984989
--------------------------------------------------
ITERATION: 171
weighted/total_loss 7.058882713317871
weighted/task_loss 1.3414928913116455
weighted/prior_loss_var_l1 0.0
weighted/prior_loss_var_l2 0.0
weighted/loss_r_feature 4.711799621582031
weighted/loss_r_feature_first 1.0055903196334839
unweighted/task_loss 0.8943285942077637
unweighted/prior_loss_var_l1 0.5593430399894714
unweighted/prior_loss_var_l2 1591.7327880859375
unweighted/loss_r_feature 471.17999267578125
unweighted/loss_r_feature_first 0.5027951598167419
unweighted/inputs_norm 192.62449645996094
learning_Rate 0.09971168041852452
--------------------------------------------------
ITERATION: 172
weighted/total_loss 6.205744743347168
weighted/task_loss 1.2192118167877197
weighted/prior_loss_var_l1 0.0
weighted/prior_loss_var_l2 0.0
weighted/loss_r_feature 4.199883937835693
weighted/loss_r_feature_first 0.7866485714912415
unweighted/task_loss 0.8128079175949097
unweighted/prior_loss_var_l1 0.5063488483428955
unweighted/prior_loss_var_l2 1496.371337890625
unweighted/loss_r_feature 419.9884033203125
unweighted/loss_r_feature_first 0.3933242857456207
unweighted/inputs_norm 192.588134765625
learning_Rate 0.099708301691815
--------------------------------------------------
ITERATION: 173
weighted/total_loss 28.305715560913086
weighted/task_loss 22.95289421081543
weighted/prior_loss_var_l1 0.0
weighted/prior_loss_var_l2 0.0
weighted/loss_r_feature 4.472539901733398
weighted/loss_r_feature_first 0.8802812099456787
unweighted/task_loss 15.301929473876953
unweighted/prior_loss_var_l1 0.5328693389892578
unweighted/prior_loss_var_l2 1603.156494140625
unweighted/loss_r_feature 447.2539978027344
unweighted/loss_r_feature_first 0.44014060497283936
unweighted/inputs_norm 192.90435791015625
learning_Rate 0.0997049033410552
--------------------------------------------------
ITERATION: 174
weighted/total_loss 7.794096946716309
weighted/task_loss 1.634940505027771
weighted/prior_loss_var_l1 0.0
weighted/prior_loss_var_l2 0.0
weighted/loss_r_feature 4.989813804626465
weighted/loss_r_feature_first 1.169342279434204
unweighted/task_loss 1.0899603366851807
unweighted/prior_loss_var_l1 0.5688961744308472
unweighted/prior_loss_var_l2 1643.2305908203125
unweighted/loss_r_feature 498.9814147949219
unweighted/loss_r_feature_first 0.584671139717102
unweighted/inputs_norm 192.94969177246094
learning_Rate 0.09970148536758672
--------------------------------------------------
ITERATION: 175
weighted/total_loss 7.339583396911621
weighted/task_loss 1.2963030338287354
weighted/prior_loss_var_l1 0.0
weighted/prior_loss_var_l2 0.0
weighted/loss_r_feature 5.097164154052734
weighted/loss_r_feature_first 0.94611656665802
unweighted/task_loss 0.8642020225524902
unweighted/prior_loss_var_l1 0.5968320369720459
unweighted/prior_loss_var_l2 1699.8077392578125
unweighted/loss_r_feature 509.7164306640625
unweighted/loss_r_feature_first 0.47305828332901
unweighted/inputs_norm 192.87548828125
learning_Rate 0.09969804777275895
--------------------------------------------------
ITERATION: 176
weighted/total_loss 43.7930793762207
weighted/task_loss 37.98229217529297
weighted/prior_loss_var_l1 0.0
weighted/prior_loss_var_l2 0.0
weighted/loss_r_feature 4.709448337554932
weighted/loss_r_feature_first 1.1013373136520386
unweighted/task_loss 25.3215274810791
unweighted/prior_loss_var_l1 0.5196806788444519
unweighted/prior_loss_var_l2 1519.814208984375
unweighted/loss_r_feature 470.94482421875
unweighted/loss_r_feature_first 0.5506686568260193
unweighted/inputs_norm 192.77474975585938
learning_Rate 0.09969459055792898
--------------------------------------------------
ITERATION: 177
weighted/total_loss 32.682857513427734
weighted/task_loss 26.556087493896484
weighted/prior_loss_var_l1 0.0
weighted/prior_loss_var_l2 0.0
weighted/loss_r_feature 4.977531433105469
weighted/loss_r_feature_first 1.1492393016815186
unweighted/task_loss 17.704057693481445
unweighted/prior_loss_var_l1 0.5774162411689758
unweighted/prior_loss_var_l2 1662.02783203125
unweighted/loss_r_feature 497.7531433105469
unweighted/loss_r_feature_first 0.5746196508407593
unweighted/inputs_norm 192.9562225341797
learning_Rate 0.09969111372446166
--------------------------------------------------
ITERATION: 178
weighted/total_loss 8.210652351379395
weighted/task_loss 2.5434789657592773
weighted/prior_loss_var_l1 0.0
weighted/prior_loss_var_l2 0.0
weighted/loss_r_feature 4.676196098327637
weighted/loss_r_feature_first 0.9909771680831909
unweighted/task_loss 1.695652723312378
unweighted/prior_loss_var_l1 0.5774071216583252
unweighted/prior_loss_var_l2 1641.47265625
unweighted/loss_r_feature 467.6195983886719
unweighted/loss_r_feature_first 0.49548858404159546
unweighted/inputs_norm 192.68809509277344
learning_Rate 0.0996876172737296
--------------------------------------------------
ITERATION: 179
weighted/total_loss 7.158492088317871
weighted/task_loss 1.2820003032684326
weighted/prior_loss_var_l1 0.0
weighted/prior_loss_var_l2 0.0
weighted/loss_r_feature 5.059805393218994
weighted/loss_r_feature_first 0.8166863918304443
unweighted/task_loss 0.8546668291091919
unweighted/prior_loss_var_l1 0.6978001594543457
unweighted/prior_loss_var_l2 1913.0311279296875
unweighted/loss_r_feature 505.98052978515625
unweighted/loss_r_feature_first 0.40834319591522217
unweighted/inputs_norm 193.01072692871094
learning_Rate 0.09968410120711316
--------------------------------------------------
ITERATION: 180
weighted/total_loss 5.835814476013184
weighted/task_loss 0.9630948901176453
weighted/prior_loss_var_l1 0.0
weighted/prior_loss_var_l2 0.0
weighted/loss_r_feature 4.225224018096924
weighted/loss_r_feature_first 0.6474958062171936
unweighted/task_loss 0.6420632600784302
unweighted/prior_loss_var_l1 0.5281000733375549
unweighted/prior_loss_var_l2 1490.830810546875
unweighted/loss_r_feature 422.52239990234375
unweighted/loss_r_feature_first 0.3237479031085968
unweighted/inputs_norm 192.60153198242188
learning_Rate 0.09968056552600038
--------------------------------------------------
ITERATION: 181
weighted/total_loss 35.300331115722656
weighted/task_loss 29.92632293701172
weighted/prior_loss_var_l1 0.0
weighted/prior_loss_var_l2 0.0
weighted/loss_r_feature 4.4372944831848145
weighted/loss_r_feature_first 0.9367159605026245
unweighted/task_loss 19.950881958007812
unweighted/prior_loss_var_l1 0.5876377820968628
unweighted/prior_loss_var_l2 1655.808837890625
unweighted/loss_r_feature 443.7294616699219
unweighted/loss_r_feature_first 0.46835798025131226
unweighted/inputs_norm 193.04627990722656
learning_Rate 0.09967701023178713
--------------------------------------------------
ITERATION: 182
weighted/total_loss 7.252511024475098
weighted/task_loss 1.1616723537445068
weighted/prior_loss_var_l1 0.0
weighted/prior_loss_var_l2 0.0
weighted/loss_r_feature 4.9153666496276855
weighted/loss_r_feature_first 1.1754722595214844
unweighted/task_loss 0.7744482755661011
unweighted/prior_loss_var_l1 0.6018843650817871
unweighted/prior_loss_var_l2 1699.205322265625
unweighted/loss_r_feature 491.53668212890625
unweighted/loss_r_feature_first 0.5877361297607422
unweighted/inputs_norm 192.9503936767578
learning_Rate 0.09967343532587698
--------------------------------------------------
ITERATION: 183
weighted/total_loss 26.03052520751953
weighted/task_loss 21.206214904785156
weighted/prior_loss_var_l1 0.0
weighted/prior_loss_var_l2 0.0
weighted/loss_r_feature 4.274474620819092
weighted/loss_r_feature_first 0.5498352646827698
unweighted/task_loss 14.137476921081543
unweighted/prior_loss_var_l1 0.59723961353302
unweighted/prior_loss_var_l2 1696.697509765625
unweighted/loss_r_feature 427.44744873046875
unweighted/loss_r_feature_first 0.2749176323413849
unweighted/inputs_norm 193.02932739257812
learning_Rate 0.09966984080968123
--------------------------------------------------
ITERATION: 184
weighted/total_loss 19.878686904907227
weighted/task_loss 13.543776512145996
weighted/prior_loss_var_l1 0.0
weighted/prior_loss_var_l2 0.0
weighted/loss_r_feature 5.004199981689453
weighted/loss_r_feature_first 1.3307095766067505
unweighted/task_loss 9.029184341430664
unweighted/prior_loss_var_l1 0.5072726607322693
unweighted/prior_loss_var_l2 1454.12109375
unweighted/loss_r_feature 500.4200134277344
unweighted/loss_r_feature_first 0.6653547883033752
unweighted/inputs_norm 193.12986755371094
learning_Rate 0.09966622668461896
--------------------------------------------------
ITERATION: 185
weighted/total_loss 6.404048442840576
weighted/task_loss 1.2626451253890991
weighted/prior_loss_var_l1 0.0
weighted/prior_loss_var_l2 0.0
weighted/loss_r_feature 4.393080234527588
weighted/loss_r_feature_first 0.7483230829238892
unweighted/task_loss 0.841763436794281
unweighted/prior_loss_var_l1 0.5799778699874878
unweighted/prior_loss_var_l2 1602.6402587890625
unweighted/loss_r_feature 439.30804443359375
unweighted/loss_r_feature_first 0.3741615414619446
unweighted/inputs_norm 193.46969604492188
learning_Rate 0.09966259295211694
--------------------------------------------------
ITERATION: 186
weighted/total_loss 6.1706061363220215
weighted/task_loss 0.8381762504577637
weighted/prior_loss_var_l1 0.0
weighted/prior_loss_var_l2 0.0
weighted/loss_r_feature 4.485686779022217
weighted/loss_r_feature_first 0.8467429876327515
unweighted/task_loss 0.5587841868400574
unweighted/prior_loss_var_l1 0.580078661441803
unweighted/prior_loss_var_l2 1656.521728515625
unweighted/loss_r_feature 448.5686950683594
unweighted/loss_r_feature_first 0.42337149381637573
unweighted/inputs_norm 193.59458923339844
learning_Rate 0.09965893961360973
--------------------------------------------------
ITERATION: 187
weighted/total_loss 8.108484268188477
weighted/task_loss 1.5513049364089966
weighted/prior_loss_var_l1 0.0
weighted/prior_loss_var_l2 0.0
weighted/loss_r_feature 5.397835731506348
weighted/loss_r_feature_first 1.1593434810638428
unweighted/task_loss 1.034203290939331
unweighted/prior_loss_var_l1 0.6768390536308289
unweighted/prior_loss_var_l2 1853.489013671875
unweighted/loss_r_feature 539.7835693359375
unweighted/loss_r_feature_first 0.5796717405319214
unweighted/inputs_norm 193.61618041992188
learning_Rate 0.0996552666705396
--------------------------------------------------
ITERATION: 188
weighted/total_loss 12.731283187866211
weighted/task_loss 5.111984729766846
weighted/prior_loss_var_l1 0.0
weighted/prior_loss_var_l2 0.0
weighted/loss_r_feature 6.183516502380371
weighted/loss_r_feature_first 1.4357813596725464
unweighted/task_loss 3.407989740371704
unweighted/prior_loss_var_l1 0.5559700131416321
unweighted/prior_loss_var_l2 1618.0665283203125
unweighted/loss_r_feature 618.3516845703125
unweighted/loss_r_feature_first 0.7178906798362732
unweighted/inputs_norm 193.2896728515625
learning_Rate 0.09965157412435659
--------------------------------------------------
ITERATION: 189
weighted/total_loss 9.561173439025879
weighted/task_loss 1.2327547073364258
weighted/prior_loss_var_l1 0.0
weighted/prior_loss_var_l2 0.0
weighted/loss_r_feature 6.99505090713501
weighted/loss_r_feature_first 1.3333675861358643
unweighted/task_loss 0.8218364715576172
unweighted/prior_loss_var_l1 0.6259905099868774
unweighted/prior_loss_var_l2 1717.633056640625
unweighted/loss_r_feature 699.505126953125
unweighted/loss_r_feature_first 0.6666837930679321
unweighted/inputs_norm 193.655517578125
learning_Rate 0.09964786197651844
--------------------------------------------------
ITERATION: 190
weighted/total_loss 6.337551116943359
weighted/task_loss 1.1790637969970703
weighted/prior_loss_var_l1 0.0
weighted/prior_loss_var_l2 0.0
weighted/loss_r_feature 4.58608341217041
weighted/loss_r_feature_first 0.5724039077758789
unweighted/task_loss 0.7860425710678101
unweighted/prior_loss_var_l1 0.5544456243515015
unweighted/prior_loss_var_l2 1577.9217529296875
unweighted/loss_r_feature 458.60833740234375
unweighted/loss_r_feature_first 0.28620195388793945
unweighted/inputs_norm 193.5111846923828
learning_Rate 0.09964413022849065
--------------------------------------------------
ITERATION: 191
weighted/total_loss 6.46412467956543
weighted/task_loss 1.0792646408081055
weighted/prior_loss_var_l1 0.0
weighted/prior_loss_var_l2 0.0
weighted/loss_r_feature 4.702167987823486
weighted/loss_r_feature_first 0.682692289352417
unweighted/task_loss 0.7195097804069519
unweighted/prior_loss_var_l1 0.653419017791748
unweighted/prior_loss_var_l2 1819.939697265625
unweighted/loss_r_feature 470.216796875
unweighted/loss_r_feature_first 0.3413461446762085
unweighted/inputs_norm 193.63308715820312
learning_Rate 0.09964037888174646
--------------------------------------------------
ITERATION: 192
weighted/total_loss 6.573831081390381
weighted/task_loss 1.5613449811935425
weighted/prior_loss_var_l1 0.0
weighted/prior_loss_var_l2 0.0
weighted/loss_r_feature 4.214552402496338
weighted/loss_r_feature_first 0.7979333996772766
unweighted/task_loss 1.0408966541290283
unweighted/prior_loss_var_l1 0.5371268391609192
unweighted/prior_loss_var_l2 1566.4991455078125
unweighted/loss_r_feature 421.45526123046875
unweighted/loss_r_feature_first 0.3989666998386383
unweighted/inputs_norm 192.74928283691406
learning_Rate 0.09963660793776685
--------------------------------------------------
ITERATION: 193
weighted/total_loss 7.74155330657959
weighted/task_loss 2.023167133331299
weighted/prior_loss_var_l1 0.0
weighted/prior_loss_var_l2 0.0
weighted/loss_r_feature 4.6631598472595215
weighted/loss_r_feature_first 1.0552265644073486
unweighted/task_loss 1.3487780094146729
unweighted/prior_loss_var_l1 0.539585530757904
unweighted/prior_loss_var_l2 1596.353759765625
unweighted/loss_r_feature 466.31597900390625
unweighted/loss_r_feature_first 0.5276132822036743
unweighted/inputs_norm 192.89292907714844
learning_Rate 0.0996328173980405
--------------------------------------------------
ITERATION: 194
weighted/total_loss 6.904549598693848
weighted/task_loss 1.2347674369812012
weighted/prior_loss_var_l1 0.0
weighted/prior_loss_var_l2 0.0
weighted/loss_r_feature 4.645034313201904
weighted/loss_r_feature_first 1.0247480869293213
unweighted/task_loss 0.8231782913208008
unweighted/prior_loss_var_l1 0.5539305806159973
unweighted/prior_loss_var_l2 1629.7447509765625
unweighted/loss_r_feature 464.50341796875
unweighted/loss_r_feature_first 0.5123740434646606
unweighted/inputs_norm 192.94483947753906
learning_Rate 0.09962900726406386
--------------------------------------------------
ITERATION: 195
weighted/total_loss 7.118991851806641
weighted/task_loss 1.1672760248184204
weighted/prior_loss_var_l1 0.0
weighted/prior_loss_var_l2 0.0
weighted/loss_r_feature 4.942024230957031
weighted/loss_r_feature_first 1.0096917152404785
unweighted/task_loss 0.7781839966773987
unweighted/prior_loss_var_l1 0.625571608543396
unweighted/prior_loss_var_l2 1722.14404296875
unweighted/loss_r_feature 494.20245361328125
unweighted/loss_r_feature_first 0.5048458576202393
unweighted/inputs_norm 192.73365783691406
learning_Rate 0.09962517753734115
--------------------------------------------------
ITERATION: 196
weighted/total_loss 9.1974515914917
weighted/task_loss 3.3722870349884033
weighted/prior_loss_var_l1 0.0
weighted/prior_loss_var_l2 0.0
weighted/loss_r_feature 4.820026874542236
weighted/loss_r_feature_first 1.0051372051239014
unweighted/task_loss 2.2481913566589355
unweighted/prior_loss_var_l1 0.6357611417770386
unweighted/prior_loss_var_l2 1779.728515625
unweighted/loss_r_feature 482.002685546875
unweighted/loss_r_feature_first 0.5025686025619507
unweighted/inputs_norm 192.77870178222656
learning_Rate 0.09962132821938426
--------------------------------------------------
ITERATION: 197
weighted/total_loss 41.8262939453125
weighted/task_loss 36.56841278076172
weighted/prior_loss_var_l1 0.0
weighted/prior_loss_var_l2 0.0
weighted/loss_r_feature 4.593486309051514
weighted/loss_r_feature_first 0.6643936634063721
unweighted/task_loss 24.378942489624023
unweighted/prior_loss_var_l1 0.5705924034118652
unweighted/prior_loss_var_l2 1605.8736572265625
unweighted/loss_r_feature 459.3486328125
unweighted/loss_r_feature_first 0.33219683170318604
unweighted/inputs_norm 192.6695098876953
learning_Rate 0.09961745931171283
--------------------------------------------------
ITERATION: 198
weighted/total_loss 7.005154132843018
weighted/task_loss 1.660681128501892
weighted/prior_loss_var_l1 0.0
weighted/prior_loss_var_l2 0.0
weighted/loss_r_feature 4.530596733093262
weighted/loss_r_feature_first 0.8138760328292847
unweighted/task_loss 1.1071207523345947
unweighted/prior_loss_var_l1 0.604724645614624
unweighted/prior_loss_var_l2 1700.5323486328125
unweighted/loss_r_feature 453.0596618652344
unweighted/loss_r_feature_first 0.40693801641464233
unweighted/inputs_norm 192.9304962158203
learning_Rate 0.09961357081585426
--------------------------------------------------
ITERATION: 199
weighted/total_loss 34.832210540771484
weighted/task_loss 29.60454559326172
weighted/prior_loss_var_l1 0.0
weighted/prior_loss_var_l2 0.0
weighted/loss_r_feature 4.506436824798584
weighted/loss_r_feature_first 0.7212288975715637
unweighted/task_loss 19.736364364624023
unweighted/prior_loss_var_l1 0.6510606408119202
unweighted/prior_loss_var_l2 1792.868896484375
unweighted/loss_r_feature 450.6436767578125
unweighted/loss_r_feature_first 0.36061444878578186
unweighted/inputs_norm 192.90945434570312
learning_Rate 0.09960966273334365
--------------------------------------------------
ITERATION: 200
weighted/total_loss 7.7650628089904785
weighted/task_loss 1.7007755041122437
weighted/prior_loss_var_l1 0.0
weighted/prior_loss_var_l2 0.0
weighted/loss_r_feature 5.07414436340332
weighted/loss_r_feature_first 0.9901429414749146
unweighted/task_loss 1.133850336074829
unweighted/prior_loss_var_l1 0.6504772305488586
unweighted/prior_loss_var_l2 1847.65234375
unweighted/loss_r_feature 507.4144592285156
unweighted/loss_r_feature_first 0.4950714707374573
unweighted/inputs_norm 193.1074981689453
learning_Rate 0.09960573506572387
Verifier InvImage mPrec: 0.8352 mRec: 1.0 mAP: 0.995 mF1: 0.8905 
Teacher InvImage mPrec: 0.8352 mRec: 1.0 mAP: 0.995 mF1: 0.8905 
--------------------------------------------------
ITERATION: 201
weighted/total_loss 6.025869846343994
weighted/task_loss 1.0745995044708252
weighted/prior_loss_var_l1 0.0
weighted/prior_loss_var_l2 0.0
weighted/loss_r_feature 4.32326078414917
weighted/loss_r_feature_first 0.6280094981193542
unweighted/task_loss 0.7163996696472168
unweighted/prior_loss_var_l1 0.553202211856842
unweighted/prior_loss_var_l2 1563.2939453125
unweighted/loss_r_feature 432.32611083984375
unweighted/loss_r_feature_first 0.3140047490596771
unweighted/inputs_norm 192.9259796142578
learning_Rate 0.09960178781454546
--------------------------------------------------
ITERATION: 202
weighted/total_loss 6.6338653564453125
weighted/task_loss 0.8401216864585876
weighted/prior_loss_var_l1 0.0
weighted/prior_loss_var_l2 0.0
weighted/loss_r_feature 4.8623881340026855
weighted/loss_r_feature_first 0.9313552379608154
unweighted/task_loss 0.5600811243057251
unweighted/prior_loss_var_l1 0.648118257522583
unweighted/prior_loss_var_l2 1777.3985595703125
unweighted/loss_r_feature 486.23883056640625
unweighted/loss_r_feature_first 0.4656776189804077
unweighted/inputs_norm 193.2486572265625
learning_Rate 0.09959782098136678
--------------------------------------------------
ITERATION: 203
weighted/total_loss 10.359906196594238
weighted/task_loss 5.584784507751465
weighted/prior_loss_var_l1 0.0
weighted/prior_loss_var_l2 0.0
weighted/loss_r_feature 4.222565650939941
weighted/loss_r_feature_first 0.5525558590888977
unweighted/task_loss 3.72318959236145
unweighted/prior_loss_var_l1 0.5604040026664734
unweighted/prior_loss_var_l2 1594.9444580078125
unweighted/loss_r_feature 422.256591796875
unweighted/loss_r_feature_first 0.27627792954444885
unweighted/inputs_norm 193.0950469970703
learning_Rate 0.09959383456775386
--------------------------------------------------
ITERATION: 204
weighted/total_loss 13.73574447631836
weighted/task_loss 3.800692319869995
weighted/prior_loss_var_l1 0.0
weighted/prior_loss_var_l2 0.0
weighted/loss_r_feature 8.430243492126465
weighted/loss_r_feature_first 1.5048085451126099
unweighted/task_loss 2.53379487991333
unweighted/prior_loss_var_l1 0.5975536108016968
unweighted/prior_loss_var_l2 1719.384033203125
unweighted/loss_r_feature 843.0244140625
unweighted/loss_r_feature_first 0.7524042725563049
unweighted/inputs_norm 193.31915283203125
learning_Rate 0.09958982857528047
--------------------------------------------------
ITERATION: 205
weighted/total_loss 26.257863998413086
weighted/task_loss 19.68932342529297
weighted/prior_loss_var_l1 0.0
weighted/prior_loss_var_l2 0.0
weighted/loss_r_feature 5.251260280609131
weighted/loss_r_feature_first 1.3172789812088013
unweighted/task_loss 13.126215934753418
unweighted/prior_loss_var_l1 0.5354018211364746
unweighted/prior_loss_var_l2 1531.1461181640625
unweighted/loss_r_feature 525.1260375976562
unweighted/loss_r_feature_first 0.6586394906044006
unweighted/inputs_norm 193.54794311523438
learning_Rate 0.0995858030055281
--------------------------------------------------
ITERATION: 206
weighted/total_loss 8.049064636230469
weighted/task_loss 1.3954523801803589
weighted/prior_loss_var_l1 0.0
weighted/prior_loss_var_l2 0.0
weighted/loss_r_feature 5.238251209259033
weighted/loss_r_feature_first 1.415360927581787
unweighted/task_loss 0.9303016066551208
unweighted/prior_loss_var_l1 0.5394414067268372
unweighted/prior_loss_var_l2 1573.24072265625
unweighted/loss_r_feature 523.8251342773438
unweighted/loss_r_feature_first 0.7076804637908936
unweighted/inputs_norm 193.55738830566406
learning_Rate 0.099581757860086
--------------------------------------------------
ITERATION: 207
weighted/total_loss 6.433745384216309
weighted/task_loss 0.8046174049377441
weighted/prior_loss_var_l1 0.0
weighted/prior_loss_var_l2 0.0
weighted/loss_r_feature 4.777110576629639
weighted/loss_r_feature_first 0.8520174026489258
unweighted/task_loss 0.5364115834236145
unweighted/prior_loss_var_l1 0.5807690620422363
unweighted/prior_loss_var_l2 1654.712646484375
unweighted/loss_r_feature 477.7110900878906
unweighted/loss_r_feature_first 0.4260087013244629
unweighted/inputs_norm 193.58059692382812
learning_Rate 0.09957769314055111
--------------------------------------------------
ITERATION: 208
weighted/total_loss 7.8196120262146
weighted/task_loss 1.210040807723999
weighted/prior_loss_var_l1 0.0
weighted/prior_loss_var_l2 0.0
weighted/loss_r_feature 5.472641468048096
weighted/loss_r_feature_first 1.1369298696517944
unweighted/task_loss 0.8066939115524292
unweighted/prior_loss_var_l1 0.5919121503829956
unweighted/prior_loss_var_l2 1654.19091796875
unweighted/loss_r_feature 547.26416015625
unweighted/loss_r_feature_first 0.5684649348258972
unweighted/inputs_norm 193.39804077148438
learning_Rate 0.09957360884852812
--------------------------------------------------
ITERATION: 209
weighted/total_loss 8.130139350891113
weighted/task_loss 1.4109561443328857
weighted/prior_loss_var_l1 0.0
weighted/prior_loss_var_l2 0.0
weighted/loss_r_feature 5.358287811279297
weighted/loss_r_feature_first 1.3608953952789307
unweighted/task_loss 0.9406374096870422
unweighted/prior_loss_var_l1 0.5290517807006836
unweighted/prior_loss_var_l2 1481.7509765625
unweighted/loss_r_feature 535.8287963867188
unweighted/loss_r_feature_first 0.6804476976394653
unweighted/inputs_norm 193.3392791748047
learning_Rate 0.09956950498562947
--------------------------------------------------
ITERATION: 210
weighted/total_loss 7.78070068359375
weighted/task_loss 1.2400649785995483
weighted/prior_loss_var_l1 0.0
weighted/prior_loss_var_l2 0.0
weighted/loss_r_feature 5.38926887512207
weighted/loss_r_feature_first 1.1513664722442627
unweighted/task_loss 0.8267099857330322
unweighted/prior_loss_var_l1 0.6230204701423645
unweighted/prior_loss_var_l2 1698.2100830078125
unweighted/loss_r_feature 538.9268798828125
unweighted/loss_r_feature_first 0.5756832361221313
unweighted/inputs_norm 193.5144500732422
learning_Rate 0.09956538155347529
--------------------------------------------------
ITERATION: 211
weighted/total_loss 7.3157525062561035
weighted/task_loss 0.9660147428512573
weighted/prior_loss_var_l1 0.0
weighted/prior_loss_var_l2 0.0
weighted/loss_r_feature 5.339977741241455
weighted/loss_r_feature_first 1.009759783744812
unweighted/task_loss 0.6440098285675049
unweighted/prior_loss_var_l1 0.7026509046554565
unweighted/prior_loss_var_l2 1925.351806640625
unweighted/loss_r_feature 533.997802734375
unweighted/loss_r_feature_first 0.504879891872406
unweighted/inputs_norm 193.22586059570312
learning_Rate 0.0995612385536934
--------------------------------------------------
ITERATION: 212
weighted/total_loss 5.694969177246094
weighted/task_loss 0.9810508489608765
weighted/prior_loss_var_l1 0.0
weighted/prior_loss_var_l2 0.0
weighted/loss_r_feature 4.311793327331543
weighted/loss_r_feature_first 0.40212497115135193
unweighted/task_loss 0.654033899307251
unweighted/prior_loss_var_l1 0.583916425704956
unweighted/prior_loss_var_l2 1633.34423828125
unweighted/loss_r_feature 431.1793212890625
unweighted/loss_r_feature_first 0.20106248557567596
unweighted/inputs_norm 193.19815063476562
learning_Rate 0.09955707598791948
--------------------------------------------------
ITERATION: 213
weighted/total_loss 7.197269916534424
weighted/task_loss 1.4610915184020996
weighted/prior_loss_var_l1 0.0
weighted/prior_loss_var_l2 0.0
weighted/loss_r_feature 4.718454360961914
weighted/loss_r_feature_first 1.0177241563796997
unweighted/task_loss 0.9740610122680664
unweighted/prior_loss_var_l1 0.5994592905044556
unweighted/prior_loss_var_l2 1699.40625
unweighted/loss_r_feature 471.845458984375
unweighted/loss_r_feature_first 0.5088620781898499
unweighted/inputs_norm 192.77210998535156
learning_Rate 0.09955289385779677
--------------------------------------------------
ITERATION: 214
weighted/total_loss 8.04747486114502
weighted/task_loss 1.3365073204040527
weighted/prior_loss_var_l1 0.0
weighted/prior_loss_var_l2 0.0
weighted/loss_r_feature 5.491242408752441
weighted/loss_r_feature_first 1.2197253704071045
unweighted/task_loss 0.8910048604011536
unweighted/prior_loss_var_l1 0.6861889362335205
unweighted/prior_loss_var_l2 1907.563232421875
unweighted/loss_r_feature 549.124267578125
unweighted/loss_r_feature_first 0.6098626852035522
unweighted/inputs_norm 192.71241760253906
learning_Rate 0.09954869216497632
--------------------------------------------------
ITERATION: 215
weighted/total_loss 7.14555025100708
weighted/task_loss 1.6725854873657227
weighted/prior_loss_var_l1 0.0
weighted/prior_loss_var_l2 0.0
weighted/loss_r_feature 4.564260959625244
weighted/loss_r_feature_first 0.9087039232254028
unweighted/task_loss 1.1150569915771484
unweighted/prior_loss_var_l1 0.5588343739509583
unweighted/prior_loss_var_l2 1588.8216552734375
unweighted/loss_r_feature 456.4261169433594
unweighted/loss_r_feature_first 0.4543519616127014
unweighted/inputs_norm 192.62542724609375
learning_Rate 0.0995444709111169
--------------------------------------------------
ITERATION: 216
weighted/total_loss 12.532135009765625
weighted/task_loss 5.9800310134887695
weighted/prior_loss_var_l1 0.0
weighted/prior_loss_var_l2 0.0
weighted/loss_r_feature 5.712744235992432
weighted/loss_r_feature_first 0.8393595814704895
unweighted/task_loss 3.986687421798706
unweighted/prior_loss_var_l1 0.6010347604751587
unweighted/prior_loss_var_l2 1681.6971435546875
unweighted/loss_r_feature 571.2744140625
unweighted/loss_r_feature_first 0.41967979073524475
unweighted/inputs_norm 192.89096069335938
learning_Rate 0.09954023009788501
--------------------------------------------------
ITERATION: 217
weighted/total_loss 29.523202896118164
weighted/task_loss 23.472789764404297
weighted/prior_loss_var_l1 0.0
weighted/prior_loss_var_l2 0.0
weighted/loss_r_feature 5.017208576202393
weighted/loss_r_feature_first 1.0332043170928955
unweighted/task_loss 15.648527145385742
unweighted/prior_loss_var_l1 0.5481257438659668
unweighted/prior_loss_var_l2 1545.7852783203125
unweighted/loss_r_feature 501.72088623046875
unweighted/loss_r_feature_first 0.5166021585464478
unweighted/inputs_norm 192.9810791015625
learning_Rate 0.09953596972695485
--------------------------------------------------
ITERATION: 218
weighted/total_loss 9.054691314697266
weighted/task_loss 1.3963788747787476
weighted/prior_loss_var_l1 0.0
weighted/prior_loss_var_l2 0.0
weighted/loss_r_feature 6.026581764221191
weighted/loss_r_feature_first 1.6317310333251953
unweighted/task_loss 0.9309192299842834
unweighted/prior_loss_var_l1 0.6091518402099609
unweighted/prior_loss_var_l2 1721.6376953125
unweighted/loss_r_feature 602.658203125
unweighted/loss_r_feature_first 0.8158655166625977
unweighted/inputs_norm 193.1220245361328
learning_Rate 0.09953168980000833
--------------------------------------------------
ITERATION: 219
weighted/total_loss 15.624857902526855
weighted/task_loss 9.54249382019043
weighted/prior_loss_var_l1 0.0
weighted/prior_loss_var_l2 0.0
weighted/loss_r_feature 4.792288303375244
weighted/loss_r_feature_first 1.2900760173797607
unweighted/task_loss 6.361662864685059
unweighted/prior_loss_var_l1 0.5292297601699829
unweighted/prior_loss_var_l2 1521.96533203125
unweighted/loss_r_feature 479.22882080078125
unweighted/loss_r_feature_first 0.6450380086898804
unweighted/inputs_norm 192.74266052246094
learning_Rate 0.0995273903187351
--------------------------------------------------
ITERATION: 220
weighted/total_loss 7.215092658996582
weighted/task_loss 0.6720582246780396
weighted/prior_loss_var_l1 0.0
weighted/prior_loss_var_l2 0.0
weighted/loss_r_feature 5.299113750457764
weighted/loss_r_feature_first 1.2439210414886475
unweighted/task_loss 0.44803881645202637
unweighted/prior_loss_var_l1 0.7154420018196106
unweighted/prior_loss_var_l2 1960.15185546875
unweighted/loss_r_feature 529.911376953125
unweighted/loss_r_feature_first 0.6219605207443237
unweighted/inputs_norm 192.95880126953125
learning_Rate 0.09952307128483254
--------------------------------------------------
ITERATION: 221
weighted/total_loss 16.107770919799805
weighted/task_loss 10.909538269042969
weighted/prior_loss_var_l1 0.0
weighted/prior_loss_var_l2 0.0
weighted/loss_r_feature 4.820972919464111
weighted/loss_r_feature_first 0.37726065516471863
unweighted/task_loss 7.2730255126953125
unweighted/prior_loss_var_l1 0.571441113948822
unweighted/prior_loss_var_l2 1622.841552734375
unweighted/loss_r_feature 482.0972900390625
unweighted/loss_r_feature_first 0.18863032758235931
unweighted/inputs_norm 192.51678466796875
learning_Rate 0.09951873270000573
--------------------------------------------------
ITERATION: 222
weighted/total_loss 6.620668888092041
weighted/task_loss 1.37858247756958
weighted/prior_loss_var_l1 0.0
weighted/prior_loss_var_l2 0.0
weighted/loss_r_feature 4.626224040985107
weighted/loss_r_feature_first 0.6158621907234192
unweighted/task_loss 0.9190549850463867
unweighted/prior_loss_var_l1 0.6380354166030884
unweighted/prior_loss_var_l2 1767.21240234375
unweighted/loss_r_feature 462.6224060058594
unweighted/loss_r_feature_first 0.3079310953617096
unweighted/inputs_norm 193.01513671875
learning_Rate 0.09951437456596748
--------------------------------------------------
ITERATION: 223
weighted/total_loss 7.150765419006348
weighted/task_loss 1.408989667892456
weighted/prior_loss_var_l1 0.0
weighted/prior_loss_var_l2 0.0
weighted/loss_r_feature 4.68773078918457
weighted/loss_r_feature_first 1.0540447235107422
unweighted/task_loss 0.9393264055252075
unweighted/prior_loss_var_l1 0.5836189985275269
unweighted/prior_loss_var_l2 1670.2274169921875
unweighted/loss_r_feature 468.7730712890625
unweighted/loss_r_feature_first 0.5270223617553711
unweighted/inputs_norm 191.94912719726562
learning_Rate 0.0995099968844383
--------------------------------------------------
ITERATION: 224
weighted/total_loss 8.317742347717285
weighted/task_loss 1.6153647899627686
weighted/prior_loss_var_l1 0.0
weighted/prior_loss_var_l2 0.0
weighted/loss_r_feature 5.623342037200928
weighted/loss_r_feature_first 1.0790355205535889
unweighted/task_loss 1.0769098997116089
unweighted/prior_loss_var_l1 0.6139851212501526
unweighted/prior_loss_var_l2 1799.0640869140625
unweighted/loss_r_feature 562.334228515625
unweighted/loss_r_feature_first 0.5395177602767944
unweighted/inputs_norm 191.89048767089844
learning_Rate 0.09950559965714645
--------------------------------------------------
ITERATION: 225
weighted/total_loss 9.308926582336426
weighted/task_loss 3.043701648712158
weighted/prior_loss_var_l1 0.0
weighted/prior_loss_var_l2 0.0
weighted/loss_r_feature 5.148843288421631
weighted/loss_r_feature_first 1.116381287574768
unweighted/task_loss 2.029134511947632
unweighted/prior_loss_var_l1 0.5069077014923096
unweighted/prior_loss_var_l2 1529.15673828125
unweighted/loss_r_feature 514.8843383789062
unweighted/loss_r_feature_first 0.558190643787384
unweighted/inputs_norm 192.27279663085938
learning_Rate 0.09950118288582786
--------------------------------------------------
ITERATION: 226
weighted/total_loss 7.160417556762695
weighted/task_loss 1.3342753648757935
weighted/prior_loss_var_l1 0.0
weighted/prior_loss_var_l2 0.0
weighted/loss_r_feature 4.935991287231445
weighted/loss_r_feature_first 0.8901509046554565
unweighted/task_loss 0.8895168900489807
unweighted/prior_loss_var_l1 0.5764424800872803
unweighted/prior_loss_var_l2 1623.649658203125
unweighted/loss_r_feature 493.5991516113281
unweighted/loss_r_feature_first 0.44507545232772827
unweighted/inputs_norm 192.47854614257812
learning_Rate 0.09949674657222622
--------------------------------------------------
ITERATION: 227
weighted/total_loss 6.729819297790527
weighted/task_loss 1.029145359992981
weighted/prior_loss_var_l1 0.0
weighted/prior_loss_var_l2 0.0
weighted/loss_r_feature 4.764379024505615
weighted/loss_r_feature_first 0.9362952709197998
unweighted/task_loss 0.6860969066619873
unweighted/prior_loss_var_l1 0.5881053805351257
unweighted/prior_loss_var_l2 1709.2216796875
unweighted/loss_r_feature 476.43792724609375
unweighted/loss_r_feature_first 0.4681476354598999
unweighted/inputs_norm 192.5192413330078
learning_Rate 0.09949229071809292
--------------------------------------------------
ITERATION: 228
weighted/total_loss 6.849637031555176
weighted/task_loss 1.1443138122558594
weighted/prior_loss_var_l1 0.0
weighted/prior_loss_var_l2 0.0
weighted/loss_r_feature 4.845947742462158
weighted/loss_r_feature_first 0.8593752384185791
unweighted/task_loss 0.7628758549690247
unweighted/prior_loss_var_l1 0.6293070316314697
unweighted/prior_loss_var_l2 1745.1204833984375
unweighted/loss_r_feature 484.59478759765625
unweighted/loss_r_feature_first 0.42968761920928955
unweighted/inputs_norm 192.42315673828125
learning_Rate 0.09948781532518704
--------------------------------------------------
ITERATION: 229
weighted/total_loss 7.12285852432251
weighted/task_loss 1.460233211517334
weighted/prior_loss_var_l1 0.0
weighted/prior_loss_var_l2 0.0
weighted/loss_r_feature 4.51539945602417
weighted/loss_r_feature_first 1.1472257375717163
unweighted/task_loss 0.9734888076782227
unweighted/prior_loss_var_l1 0.5247780680656433
unweighted/prior_loss_var_l2 1524.1995849609375
unweighted/loss_r_feature 451.53997802734375
unweighted/loss_r_feature_first 0.5736128687858582
unweighted/inputs_norm 192.3362579345703
learning_Rate 0.0994833203952754
--------------------------------------------------
ITERATION: 230
weighted/total_loss 6.7955546379089355
weighted/task_loss 1.1655855178833008
weighted/prior_loss_var_l1 0.0
weighted/prior_loss_var_l2 0.0
weighted/loss_r_feature 4.708511829376221
weighted/loss_r_feature_first 0.9214571714401245
unweighted/task_loss 0.7770570516586304
unweighted/prior_loss_var_l1 0.5936903357505798
unweighted/prior_loss_var_l2 1679.7845458984375
unweighted/loss_r_feature 470.8511962890625
unweighted/loss_r_feature_first 0.46072858572006226
unweighted/inputs_norm 192.63272094726562
learning_Rate 0.09947880593013253
--------------------------------------------------
ITERATION: 231
weighted/total_loss 8.330090522766113
weighted/task_loss 2.4320831298828125
weighted/prior_loss_var_l1 0.0
weighted/prior_loss_var_l2 0.0
weighted/loss_r_feature 4.938314914703369
weighted/loss_r_feature_first 0.9596925973892212
unweighted/task_loss 1.6213886737823486
unweighted/prior_loss_var_l1 0.5941930413246155
unweighted/prior_loss_var_l2 1667.137939453125
unweighted/loss_r_feature 493.8315124511719
unweighted/loss_r_feature_first 0.4798462986946106
unweighted/inputs_norm 192.7199249267578
learning_Rate 0.0994742719315407
--------------------------------------------------
ITERATION: 232
weighted/total_loss 7.516933441162109
weighted/task_loss 1.2670910358428955
weighted/prior_loss_var_l1 0.0
weighted/prior_loss_var_l2 0.0
weighted/loss_r_feature 5.113709449768066
weighted/loss_r_feature_first 1.1361333131790161
unweighted/task_loss 0.8447273969650269
unweighted/prior_loss_var_l1 0.5957944393157959
unweighted/prior_loss_var_l2 1693.630126953125
unweighted/loss_r_feature 511.3709716796875
unweighted/loss_r_feature_first 0.5680666565895081
unweighted/inputs_norm 192.72686767578125
learning_Rate 0.0994697184012898
--------------------------------------------------
ITERATION: 233
weighted/total_loss 6.4272990226745605
weighted/task_loss 0.6644819974899292
weighted/prior_loss_var_l1 0.0
weighted/prior_loss_var_l2 0.0
weighted/loss_r_feature 4.7717461585998535
weighted/loss_r_feature_first 0.9910708665847778
unweighted/task_loss 0.44298800826072693
unweighted/prior_loss_var_l1 0.600965142250061
unweighted/prior_loss_var_l2 1674.853759765625
unweighted/loss_r_feature 477.17462158203125
unweighted/loss_r_feature_first 0.4955354332923889
unweighted/inputs_norm 192.6726837158203
learning_Rate 0.09946514534117754
--------------------------------------------------
ITERATION: 234
weighted/total_loss 14.968435287475586
weighted/task_loss 6.52836799621582
weighted/prior_loss_var_l1 0.0
weighted/prior_loss_var_l2 0.0
weighted/loss_r_feature 6.99577522277832
weighted/loss_r_feature_first 1.444292426109314
unweighted/task_loss 4.352245330810547
unweighted/prior_loss_var_l1 0.5916098952293396
unweighted/prior_loss_var_l2 1604.6171875
unweighted/loss_r_feature 699.5775146484375
unweighted/loss_r_feature_first 0.722146213054657
unweighted/inputs_norm 192.58029174804688
learning_Rate 0.09946055275300927
--------------------------------------------------
ITERATION: 235
weighted/total_loss 7.991565704345703
weighted/task_loss 0.9016140699386597
weighted/prior_loss_var_l1 0.0
weighted/prior_loss_var_l2 0.0
weighted/loss_r_feature 5.846941947937012
weighted/loss_r_feature_first 1.2430095672607422
unweighted/task_loss 0.601076066493988
unweighted/prior_loss_var_l1 0.5996701121330261
unweighted/prior_loss_var_l2 1638.99853515625
unweighted/loss_r_feature 584.6942138671875
unweighted/loss_r_feature_first 0.6215047836303711
unweighted/inputs_norm 192.71197509765625
learning_Rate 0.09945594063859808
--------------------------------------------------
ITERATION: 236
weighted/total_loss 6.329395771026611
weighted/task_loss 1.0259958505630493
weighted/prior_loss_var_l1 0.0
weighted/prior_loss_var_l2 0.0
weighted/loss_r_feature 4.460546016693115
weighted/loss_r_feature_first 0.8428541421890259
unweighted/task_loss 0.6839972138404846
unweighted/prior_loss_var_l1 0.6145845055580139
unweighted/prior_loss_var_l2 1752.21044921875
unweighted/loss_r_feature 446.05462646484375
unweighted/loss_r_feature_first 0.42142707109451294
unweighted/inputs_norm 192.69778442382812
learning_Rate 0.09945130899976477
--------------------------------------------------
ITERATION: 237
weighted/total_loss 6.91554069519043
weighted/task_loss 0.9570835828781128
weighted/prior_loss_var_l1 0.0
weighted/prior_loss_var_l2 0.0
weighted/loss_r_feature 4.768314838409424
weighted/loss_r_feature_first 1.1901421546936035
unweighted/task_loss 0.6380557417869568
unweighted/prior_loss_var_l1 0.5777714848518372
unweighted/prior_loss_var_l2 1609.791015625
unweighted/loss_r_feature 476.83148193359375
unweighted/loss_r_feature_first 0.5950710773468018
unweighted/inputs_norm 192.654052734375
learning_Rate 0.09944665783833782
--------------------------------------------------
ITERATION: 238
weighted/total_loss 7.4786858558654785
weighted/task_loss 1.4493026733398438
weighted/prior_loss_var_l1 0.0
weighted/prior_loss_var_l2 0.0
weighted/loss_r_feature 5.270963668823242
weighted/loss_r_feature_first 0.7584195137023926
unweighted/task_loss 0.9662017822265625
unweighted/prior_loss_var_l1 0.5978261232376099
unweighted/prior_loss_var_l2 1695.833984375
unweighted/loss_r_feature 527.0963745117188
unweighted/loss_r_feature_first 0.3792097568511963
unweighted/inputs_norm 192.8366241455078
learning_Rate 0.09944198715615343
--------------------------------------------------
ITERATION: 239
weighted/total_loss 6.90930700302124
weighted/task_loss 0.7706550359725952
weighted/prior_loss_var_l1 0.0
weighted/prior_loss_var_l2 0.0
weighted/loss_r_feature 5.503803730010986
weighted/loss_r_feature_first 0.6348479986190796
unweighted/task_loss 0.5137700438499451
unweighted/prior_loss_var_l1 0.6469811797142029
unweighted/prior_loss_var_l2 1784.4649658203125
unweighted/loss_r_feature 550.38037109375
unweighted/loss_r_feature_first 0.3174239993095398
unweighted/inputs_norm 193.0663604736328
learning_Rate 0.09943729695505552
--------------------------------------------------
ITERATION: 240
weighted/total_loss 8.948480606079102
weighted/task_loss 4.1305952072143555
weighted/prior_loss_var_l1 0.0
weighted/prior_loss_var_l2 0.0
weighted/loss_r_feature 4.226798057556152
weighted/loss_r_feature_first 0.5910869836807251
unweighted/task_loss 2.753730058670044
unweighted/prior_loss_var_l1 0.5817346572875977
unweighted/prior_loss_var_l2 1645.6141357421875
unweighted/loss_r_feature 422.6798095703125
unweighted/loss_r_feature_first 0.29554349184036255
unweighted/inputs_norm 192.06773376464844
learning_Rate 0.0994325872368957
--------------------------------------------------
ITERATION: 241
weighted/total_loss 6.623365879058838
weighted/task_loss 1.0520529747009277
weighted/prior_loss_var_l1 0.0
weighted/prior_loss_var_l2 0.0
weighted/loss_r_feature 4.538271427154541
weighted/loss_r_feature_first 1.0330413579940796
unweighted/task_loss 0.7013686299324036
unweighted/prior_loss_var_l1 0.5934789776802063
unweighted/prior_loss_var_l2 1690.6732177734375
unweighted/loss_r_feature 453.8271484375
unweighted/loss_r_feature_first 0.5165206789970398
unweighted/inputs_norm 192.17735290527344
learning_Rate 0.0994278580035333
--------------------------------------------------
ITERATION: 242
weighted/total_loss 5.688036918640137
weighted/task_loss 0.8214982748031616
weighted/prior_loss_var_l1 0.0
weighted/prior_loss_var_l2 0.0
weighted/loss_r_feature 4.403876781463623
weighted/loss_r_feature_first 0.46266183257102966
unweighted/task_loss 0.547665536403656
unweighted/prior_loss_var_l1 0.63539719581604
unweighted/prior_loss_var_l2 1737.8350830078125
unweighted/loss_r_feature 440.3876647949219
unweighted/loss_r_feature_first 0.23133091628551483
unweighted/inputs_norm 192.21876525878906
learning_Rate 0.09942310925683537
--------------------------------------------------
ITERATION: 243
weighted/total_loss 7.167572021484375
weighted/task_loss 1.1948665380477905
weighted/prior_loss_var_l1 0.0
weighted/prior_loss_var_l2 0.0
weighted/loss_r_feature 4.871745586395264
weighted/loss_r_feature_first 1.1009595394134521
unweighted/task_loss 0.7965776920318604
unweighted/prior_loss_var_l1 0.612472653388977
unweighted/prior_loss_var_l2 1687.367919921875
unweighted/loss_r_feature 487.1745910644531
unweighted/loss_r_feature_first 0.5504797697067261
unweighted/inputs_norm 191.38230895996094
learning_Rate 0.09941834099867658
--------------------------------------------------
ITERATION: 244
weighted/total_loss 5.825865745544434
weighted/task_loss 0.9831128120422363
weighted/prior_loss_var_l1 0.0
weighted/prior_loss_var_l2 0.0
weighted/loss_r_feature 4.357944965362549
weighted/loss_r_feature_first 0.48480814695358276
unweighted/task_loss 0.6554085612297058
unweighted/prior_loss_var_l1 0.6255886554718018
unweighted/prior_loss_var_l2 1702.546875
unweighted/loss_r_feature 435.7945251464844
unweighted/loss_r_feature_first 0.24240407347679138
unweighted/inputs_norm 191.64085388183594
learning_Rate 0.09941355323093942
--------------------------------------------------
ITERATION: 245
weighted/total_loss 8.150856971740723
weighted/task_loss 2.021247148513794
weighted/prior_loss_var_l1 0.0
weighted/prior_loss_var_l2 0.0
weighted/loss_r_feature 5.050021171569824
weighted/loss_r_feature_first 1.0795886516571045
unweighted/task_loss 1.3474980592727661
unweighted/prior_loss_var_l1 0.5954762101173401
unweighted/prior_loss_var_l2 1668.0391845703125
unweighted/loss_r_feature 505.00213623046875
unweighted/loss_r_feature_first 0.5397943258285522
unweighted/inputs_norm 191.72496032714844
learning_Rate 0.09940874595551402
--------------------------------------------------
ITERATION: 246
weighted/total_loss 6.524001121520996
weighted/task_loss 0.9528294801712036
weighted/prior_loss_var_l1 0.0
weighted/prior_loss_var_l2 0.0
weighted/loss_r_feature 4.744467258453369
weighted/loss_r_feature_first 0.8267042636871338
unweighted/task_loss 0.6352196335792542
unweighted/prior_loss_var_l1 0.6058468818664551
unweighted/prior_loss_var_l2 1688.60400390625
unweighted/loss_r_feature 474.44671630859375
unweighted/loss_r_feature_first 0.4133521318435669
unweighted/inputs_norm 191.960205078125
learning_Rate 0.09940391917429818
--------------------------------------------------
ITERATION: 247
weighted/total_loss 9.107946395874023
weighted/task_loss 3.989231586456299
weighted/prior_loss_var_l1 0.0
weighted/prior_loss_var_l2 0.0
weighted/loss_r_feature 4.246762752532959
weighted/loss_r_feature_first 0.8719524145126343
unweighted/task_loss 2.659487724304199
unweighted/prior_loss_var_l1 0.5724422931671143
unweighted/prior_loss_var_l2 1654.61279296875
unweighted/loss_r_feature 424.6763000488281
unweighted/loss_r_feature_first 0.43597620725631714
unweighted/inputs_norm 192.04946899414062
learning_Rate 0.09939907288919747
--------------------------------------------------
ITERATION: 248
weighted/total_loss 6.888236045837402
weighted/task_loss 1.1872477531433105
weighted/prior_loss_var_l1 0.0
weighted/prior_loss_var_l2 0.0
weighted/loss_r_feature 5.03948974609375
weighted/loss_r_feature_first 0.6614983081817627
unweighted/task_loss 0.7914985418319702
unweighted/prior_loss_var_l1 0.626643717288971
unweighted/prior_loss_var_l2 1770.936767578125
unweighted/loss_r_feature 503.9490051269531
unweighted/loss_r_feature_first 0.33074915409088135
unweighted/inputs_norm 192.1331024169922
learning_Rate 0.09939420710212511
--------------------------------------------------
ITERATION: 249
weighted/total_loss 7.238473892211914
weighted/task_loss 1.067459225654602
weighted/prior_loss_var_l1 0.0
weighted/prior_loss_var_l2 0.0
weighted/loss_r_feature 5.075703144073486
weighted/loss_r_feature_first 1.0953118801116943
unweighted/task_loss 0.7116394639015198
unweighted/prior_loss_var_l1 0.5593971014022827
unweighted/prior_loss_var_l2 1635.894775390625
unweighted/loss_r_feature 507.5703125
unweighted/loss_r_feature_first 0.5476559400558472
unweighted/inputs_norm 191.13739013671875
learning_Rate 0.09938932181500204
--------------------------------------------------
ITERATION: 250
weighted/total_loss 6.764425754547119
weighted/task_loss 1.3934723138809204
weighted/prior_loss_var_l1 0.0
weighted/prior_loss_var_l2 0.0
weighted/loss_r_feature 4.680176734924316
weighted/loss_r_feature_first 0.6907768249511719
unweighted/task_loss 0.9289815425872803
unweighted/prior_loss_var_l1 0.5857920050621033
unweighted/prior_loss_var_l2 1653.1649169921875
unweighted/loss_r_feature 468.0177001953125
unweighted/loss_r_feature_first 0.34538841247558594
unweighted/inputs_norm 191.11935424804688
learning_Rate 0.0993844170297569
--------------------------------------------------
ITERATION: 251
weighted/total_loss 6.574296951293945
weighted/task_loss 1.2164214849472046
weighted/prior_loss_var_l1 0.0
weighted/prior_loss_var_l2 0.0
weighted/loss_r_feature 4.487469673156738
weighted/loss_r_feature_first 0.8704056739807129
unweighted/task_loss 0.8109476566314697
unweighted/prior_loss_var_l1 0.5379941463470459
unweighted/prior_loss_var_l2 1526.656982421875
unweighted/loss_r_feature 448.7469787597656
unweighted/loss_r_feature_first 0.43520283699035645
unweighted/inputs_norm 191.34376525878906
learning_Rate 0.099379492748326
--------------------------------------------------
ITERATION: 252
weighted/total_loss 7.273242950439453
weighted/task_loss 1.0660483837127686
weighted/prior_loss_var_l1 0.0
weighted/prior_loss_var_l2 0.0
weighted/loss_r_feature 5.27357292175293
weighted/loss_r_feature_first 0.9336212873458862
unweighted/task_loss 0.7106989026069641
unweighted/prior_loss_var_l1 0.6537643074989319
unweighted/prior_loss_var_l2 1827.562255859375
unweighted/loss_r_feature 527.3572998046875
unweighted/loss_r_feature_first 0.4668106436729431
unweighted/inputs_norm 191.63592529296875
learning_Rate 0.09937454897265338
--------------------------------------------------
ITERATION: 253
weighted/total_loss 6.105341911315918
weighted/task_loss 1.3372114896774292
weighted/prior_loss_var_l1 0.0
weighted/prior_loss_var_l2 0.0
weighted/loss_r_feature 4.189122200012207
weighted/loss_r_feature_first 0.5790080428123474
unweighted/task_loss 0.8914743065834045
unweighted/prior_loss_var_l1 0.5412930250167847
unweighted/prior_loss_var_l2 1496.099609375
unweighted/loss_r_feature 418.9122314453125
unweighted/loss_r_feature_first 0.2895040214061737
unweighted/inputs_norm 191.34678649902344
learning_Rate 0.09936958570469077
--------------------------------------------------
ITERATION: 254
weighted/total_loss 8.32082462310791
weighted/task_loss 2.0973196029663086
weighted/prior_loss_var_l1 0.0
weighted/prior_loss_var_l2 0.0
weighted/loss_r_feature 5.143219947814941
weighted/loss_r_feature_first 1.0802850723266602
unweighted/task_loss 1.3982131481170654
unweighted/prior_loss_var_l1 0.5207223892211914
unweighted/prior_loss_var_l2 1509.071533203125
unweighted/loss_r_feature 514.322021484375
unweighted/loss_r_feature_first 0.5401425361633301
unweighted/inputs_norm 191.6750946044922
learning_Rate 0.09936460294639761
--------------------------------------------------
ITERATION: 255
weighted/total_loss 8.2720947265625
weighted/task_loss 3.1565513610839844
weighted/prior_loss_var_l1 0.0
weighted/prior_loss_var_l2 0.0
weighted/loss_r_feature 4.496657848358154
weighted/loss_r_feature_first 0.6188851594924927
unweighted/task_loss 2.10436749458313
unweighted/prior_loss_var_l1 0.5835967063903809
unweighted/prior_loss_var_l2 1637.2764892578125
unweighted/loss_r_feature 449.6658020019531
unweighted/loss_r_feature_first 0.30944257974624634
unweighted/inputs_norm 191.71112060546875
learning_Rate 0.09935960069974098
--------------------------------------------------
ITERATION: 256
weighted/total_loss 5.975902557373047
weighted/task_loss 1.281686544418335
weighted/prior_loss_var_l1 0.0
weighted/prior_loss_var_l2 0.0
weighted/loss_r_feature 4.270353317260742
weighted/loss_r_feature_first 0.4238623380661011
unweighted/task_loss 0.8544577360153198
unweighted/prior_loss_var_l1 0.6048571467399597
unweighted/prior_loss_var_l2 1703.5054931640625
unweighted/loss_r_feature 427.03533935546875
unweighted/loss_r_feature_first 0.21193116903305054
unweighted/inputs_norm 191.49826049804688
learning_Rate 0.0993545789666957
--------------------------------------------------
ITERATION: 257
weighted/total_loss 30.557781219482422
weighted/task_loss 25.22882843017578
weighted/prior_loss_var_l1 0.0
weighted/prior_loss_var_l2 0.0
weighted/loss_r_feature 4.682910442352295
weighted/loss_r_feature_first 0.6460421085357666
unweighted/task_loss 16.8192195892334
unweighted/prior_loss_var_l1 0.5992230176925659
unweighted/prior_loss_var_l2 1670.0440673828125
unweighted/loss_r_feature 468.2910461425781
unweighted/loss_r_feature_first 0.3230210542678833
unweighted/inputs_norm 191.51353454589844
learning_Rate 0.09934953774924427
--------------------------------------------------
ITERATION: 258
weighted/total_loss 6.034183979034424
weighted/task_loss 1.3186925649642944
weighted/prior_loss_var_l1 0.0
weighted/prior_loss_var_l2 0.0
weighted/loss_r_feature 4.303175449371338
weighted/loss_r_feature_first 0.41231563687324524
unweighted/task_loss 0.8791283965110779
unweighted/prior_loss_var_l1 0.6224660873413086
unweighted/prior_loss_var_l2 1710.498046875
unweighted/loss_r_feature 430.31756591796875
unweighted/loss_r_feature_first 0.20615781843662262
unweighted/inputs_norm 191.5791015625
learning_Rate 0.09934447704937686
--------------------------------------------------
ITERATION: 259
weighted/total_loss 6.923519134521484
weighted/task_loss 1.2511804103851318
weighted/prior_loss_var_l1 0.0
weighted/prior_loss_var_l2 0.0
weighted/loss_r_feature 4.96398401260376
weighted/loss_r_feature_first 0.708355188369751
unweighted/task_loss 0.8341202735900879
unweighted/prior_loss_var_l1 0.6185011267662048
unweighted/prior_loss_var_l2 1718.59765625
unweighted/loss_r_feature 496.3984069824219
unweighted/loss_r_feature_first 0.3541775941848755
unweighted/inputs_norm 190.35638427734375
learning_Rate 0.0993393968690914
--------------------------------------------------
ITERATION: 260
weighted/total_loss 6.57498836517334
weighted/task_loss 1.257554292678833
weighted/prior_loss_var_l1 0.0
weighted/prior_loss_var_l2 0.0
weighted/loss_r_feature 4.791580677032471
weighted/loss_r_feature_first 0.5258530974388123
unweighted/task_loss 0.8383694887161255
unweighted/prior_loss_var_l1 0.6119982600212097
unweighted/prior_loss_var_l2 1706.9896240234375
unweighted/loss_r_feature 479.1580810546875
unweighted/loss_r_feature_first 0.26292654871940613
unweighted/inputs_norm 190.91497802734375
learning_Rate 0.09933429721039344
--------------------------------------------------
ITERATION: 261
weighted/total_loss 29.926586151123047
weighted/task_loss 24.694198608398438
weighted/prior_loss_var_l1 0.0
weighted/prior_loss_var_l2 0.0
weighted/loss_r_feature 4.343649387359619
weighted/loss_r_feature_first 0.8887392282485962
unweighted/task_loss 16.462799072265625
unweighted/prior_loss_var_l1 0.5674720406532288
unweighted/prior_loss_var_l2 1621.0770263671875
unweighted/loss_r_feature 434.36492919921875
unweighted/loss_r_feature_first 0.4443696141242981
unweighted/inputs_norm 190.85153198242188
learning_Rate 0.09932917807529623
--------------------------------------------------
ITERATION: 262
weighted/total_loss 6.830715179443359
weighted/task_loss 0.7546356916427612
weighted/prior_loss_var_l1 0.0
weighted/prior_loss_var_l2 0.0
weighted/loss_r_feature 4.9256696701049805
weighted/loss_r_feature_first 1.1504095792770386
unweighted/task_loss 0.5030904412269592
unweighted/prior_loss_var_l1 0.5903870463371277
unweighted/prior_loss_var_l2 1608.761962890625
unweighted/loss_r_feature 492.56695556640625
unweighted/loss_r_feature_first 0.5752047896385193
unweighted/inputs_norm 190.93475341796875
learning_Rate 0.09932403946582075
--------------------------------------------------
ITERATION: 263
weighted/total_loss 7.337173938751221
weighted/task_loss 1.8524433374404907
weighted/prior_loss_var_l1 0.0
weighted/prior_loss_var_l2 0.0
weighted/loss_r_feature 4.816816806793213
weighted/loss_r_feature_first 0.667914092540741
unweighted/task_loss 1.2349622249603271
unweighted/prior_loss_var_l1 0.5179568529129028
unweighted/prior_loss_var_l2 1413.461181640625
unweighted/loss_r_feature 481.68170166015625
unweighted/loss_r_feature_first 0.3339570462703705
unweighted/inputs_norm 190.88482666015625
learning_Rate 0.09931888138399564
--------------------------------------------------
ITERATION: 264
weighted/total_loss 6.161741733551025
weighted/task_loss 1.1486682891845703
weighted/prior_loss_var_l1 0.0
weighted/prior_loss_var_l2 0.0
weighted/loss_r_feature 4.466165542602539
weighted/loss_r_feature_first 0.546907901763916
unweighted/task_loss 0.7657788991928101
unweighted/prior_loss_var_l1 0.6005645394325256
unweighted/prior_loss_var_l2 1680.0592041015625
unweighted/loss_r_feature 446.6165771484375
unweighted/loss_r_feature_first 0.273453950881958
unweighted/inputs_norm 191.59146118164062
learning_Rate 0.0993137038318572
--------------------------------------------------
ITERATION: 265
weighted/total_loss 6.853400230407715
weighted/task_loss 1.825761318206787
weighted/prior_loss_var_l1 0.0
weighted/prior_loss_var_l2 0.0
weighted/loss_r_feature 4.138890266418457
weighted/loss_r_feature_first 0.888748824596405
unweighted/task_loss 1.2171741724014282
unweighted/prior_loss_var_l1 0.555823564529419
unweighted/prior_loss_var_l2 1646.7646484375
unweighted/loss_r_feature 413.8890380859375
unweighted/loss_r_feature_first 0.4443744122982025
unweighted/inputs_norm 191.48736572265625
learning_Rate 0.09930850681144948
--------------------------------------------------
ITERATION: 266
weighted/total_loss 7.352185249328613
weighted/task_loss 1.2859148979187012
weighted/prior_loss_var_l1 0.0
weighted/prior_loss_var_l2 0.0
weighted/loss_r_feature 4.873947620391846
weighted/loss_r_feature_first 1.1923227310180664
unweighted/task_loss 0.8572765588760376
unweighted/prior_loss_var_l1 0.5813565254211426
unweighted/prior_loss_var_l2 1652.3203125
unweighted/loss_r_feature 487.394775390625
unweighted/loss_r_feature_first 0.5961613655090332
unweighted/inputs_norm 191.61505126953125
learning_Rate 0.09930329032482416
--------------------------------------------------
ITERATION: 267
weighted/total_loss 5.892068386077881
weighted/task_loss 0.9483504295349121
weighted/prior_loss_var_l1 0.0
weighted/prior_loss_var_l2 0.0
weighted/loss_r_feature 4.367343425750732
weighted/loss_r_feature_first 0.5763744711875916
unweighted/task_loss 0.6322336196899414
unweighted/prior_loss_var_l1 0.6366258263587952
unweighted/prior_loss_var_l2 1796.609375
unweighted/loss_r_feature 436.734375
unweighted/loss_r_feature_first 0.2881872355937958
unweighted/inputs_norm 191.50942993164062
learning_Rate 0.09929805437404064
--------------------------------------------------
ITERATION: 268
weighted/total_loss 6.230501651763916
weighted/task_loss 1.2263520956039429
weighted/prior_loss_var_l1 0.0
weighted/prior_loss_var_l2 0.0
weighted/loss_r_feature 4.301199436187744
weighted/loss_r_feature_first 0.702950119972229
unweighted/task_loss 0.8175680637359619
unweighted/prior_loss_var_l1 0.5859107375144958
unweighted/prior_loss_var_l2 1666.87890625
unweighted/loss_r_feature 430.1199645996094
unweighted/loss_r_feature_first 0.3514750599861145
unweighted/inputs_norm 190.77999877929688
learning_Rate 0.09929279896116598
--------------------------------------------------
ITERATION: 269
weighted/total_loss 23.08727264404297
weighted/task_loss 16.97384262084961
weighted/prior_loss_var_l1 0.0
weighted/prior_loss_var_l2 0.0
weighted/loss_r_feature 5.151587963104248
weighted/loss_r_feature_first 0.961841344833374
unweighted/task_loss 11.315895080566406
unweighted/prior_loss_var_l1 0.6186924576759338
unweighted/prior_loss_var_l2 1711.2003173828125
unweighted/loss_r_feature 515.1588134765625
unweighted/loss_r_feature_first 0.480920672416687
unweighted/inputs_norm 190.80398559570312
learning_Rate 0.09928752408827493
--------------------------------------------------
ITERATION: 270
weighted/total_loss 6.993326187133789
weighted/task_loss 0.9566782712936401
weighted/prior_loss_var_l1 0.0
weighted/prior_loss_var_l2 0.0
weighted/loss_r_feature 4.92439603805542
weighted/loss_r_feature_first 1.11225163936615
unweighted/task_loss 0.6377854943275452
unweighted/prior_loss_var_l1 0.6299265623092651
unweighted/prior_loss_var_l2 1736.8271484375
unweighted/loss_r_feature 492.4396057128906
unweighted/loss_r_feature_first 0.556125819683075
unweighted/inputs_norm 191.0145721435547
learning_Rate 0.09928222975744994
--------------------------------------------------
ITERATION: 271
weighted/total_loss 7.216128826141357
weighted/task_loss 1.1213549375534058
weighted/prior_loss_var_l1 0.0
weighted/prior_loss_var_l2 0.0
weighted/loss_r_feature 5.030677795410156
weighted/loss_r_feature_first 1.0640959739685059
unweighted/task_loss 0.7475699782371521
unweighted/prior_loss_var_l1 0.5631678700447083
unweighted/prior_loss_var_l2 1587.775634765625
unweighted/loss_r_feature 503.06781005859375
unweighted/loss_r_feature_first 0.5320479869842529
unweighted/inputs_norm 191.07858276367188
learning_Rate 0.09927691597078112
--------------------------------------------------
ITERATION: 272
weighted/total_loss 6.077304363250732
weighted/task_loss 0.6644309759140015
weighted/prior_loss_var_l1 0.0
weighted/prior_loss_var_l2 0.0
weighted/loss_r_feature 4.5893754959106445
weighted/loss_r_feature_first 0.8234979510307312
unweighted/task_loss 0.4429539740085602
unweighted/prior_loss_var_l1 0.5887280702590942
unweighted/prior_loss_var_l2 1648.5787353515625
unweighted/loss_r_feature 458.93756103515625
unweighted/loss_r_feature_first 0.4117489755153656
unweighted/inputs_norm 191.3589324951172
learning_Rate 0.09927158273036628
--------------------------------------------------
ITERATION: 273
weighted/total_loss 9.120567321777344
weighted/task_loss 3.5787229537963867
weighted/prior_loss_var_l1 0.0
weighted/prior_loss_var_l2 0.0
weighted/loss_r_feature 4.433541297912598
weighted/loss_r_feature_first 1.1083030700683594
unweighted/task_loss 2.385815382003784
unweighted/prior_loss_var_l1 0.5591772198677063
unweighted/prior_loss_var_l2 1595.238037109375
unweighted/loss_r_feature 443.3541564941406
unweighted/loss_r_feature_first 0.5541515350341797
unweighted/inputs_norm 191.36863708496094
learning_Rate 0.09926623003831087
--------------------------------------------------
ITERATION: 274
weighted/total_loss 7.117535591125488
weighted/task_loss 1.3866852521896362
weighted/prior_loss_var_l1 0.0
weighted/prior_loss_var_l2 0.0
weighted/loss_r_feature 4.6476335525512695
weighted/loss_r_feature_first 1.083216905593872
unweighted/task_loss 0.9244568347930908
unweighted/prior_loss_var_l1 0.5597928762435913
unweighted/prior_loss_var_l2 1602.855224609375
unweighted/loss_r_feature 464.76336669921875
unweighted/loss_r_feature_first 0.541608452796936
unweighted/inputs_norm 191.73040771484375
learning_Rate 0.09926085789672809
--------------------------------------------------
ITERATION: 275
weighted/total_loss 12.713679313659668
weighted/task_loss 7.78723669052124
weighted/prior_loss_var_l1 0.0
weighted/prior_loss_var_l2 0.0
weighted/loss_r_feature 4.42875337600708
weighted/loss_r_feature_first 0.49768900871276855
unweighted/task_loss 5.19149112701416
unweighted/prior_loss_var_l1 0.5898014903068542
unweighted/prior_loss_var_l2 1656.25244140625
unweighted/loss_r_feature 442.8753662109375
unweighted/loss_r_feature_first 0.24884450435638428
unweighted/inputs_norm 191.73545837402344
learning_Rate 0.09925546630773872
--------------------------------------------------
ITERATION: 276
weighted/total_loss 6.922962188720703
weighted/task_loss 0.9653919339179993
weighted/prior_loss_var_l1 0.0
weighted/prior_loss_var_l2 0.0
weighted/loss_r_feature 5.013920307159424
weighted/loss_r_feature_first 0.9436495304107666
unweighted/task_loss 0.6435946226119995
unweighted/prior_loss_var_l1 0.6194751858711243
unweighted/prior_loss_var_l2 1772.813720703125
unweighted/loss_r_feature 501.3920593261719
unweighted/loss_r_feature_first 0.4718247652053833
unweighted/inputs_norm 191.90371704101562
learning_Rate 0.09925005527347133
--------------------------------------------------
ITERATION: 277
weighted/total_loss 33.70608139038086
weighted/task_loss 28.029735565185547
weighted/prior_loss_var_l1 0.0
weighted/prior_loss_var_l2 0.0
weighted/loss_r_feature 4.712200164794922
weighted/loss_r_feature_first 0.9641450047492981
unweighted/task_loss 18.686491012573242
unweighted/prior_loss_var_l1 0.6197558045387268
unweighted/prior_loss_var_l2 1728.767333984375
unweighted/loss_r_feature 471.22003173828125
unweighted/loss_r_feature_first 0.48207250237464905
unweighted/inputs_norm 191.5559539794922
learning_Rate 0.09924462479606208
--------------------------------------------------
ITERATION: 278
weighted/total_loss 7.6369171142578125
weighted/task_loss 0.9810234904289246
weighted/prior_loss_var_l1 0.0
weighted/prior_loss_var_l2 0.0
weighted/loss_r_feature 5.326481819152832
weighted/loss_r_feature_first 1.3294121026992798
unweighted/task_loss 0.6540156602859497
unweighted/prior_loss_var_l1 0.6036500334739685
unweighted/prior_loss_var_l2 1678.9896240234375
unweighted/loss_r_feature 532.648193359375
unweighted/loss_r_feature_first 0.6647060513496399
unweighted/inputs_norm 191.82546997070312
learning_Rate 0.09923917487765485
--------------------------------------------------
ITERATION: 279
weighted/total_loss 29.590639114379883
weighted/task_loss 24.642934799194336
weighted/prior_loss_var_l1 0.0
weighted/prior_loss_var_l2 0.0
weighted/loss_r_feature 4.337462902069092
weighted/loss_r_feature_first 0.6102416515350342
unweighted/task_loss 16.42862319946289
unweighted/prior_loss_var_l1 0.5777978301048279
unweighted/prior_loss_var_l2 1640.7054443359375
unweighted/loss_r_feature 433.7463073730469
unweighted/loss_r_feature_first 0.3051208257675171
unweighted/inputs_norm 191.94932556152344
learning_Rate 0.09923370552040117
--------------------------------------------------
ITERATION: 280
weighted/total_loss 6.728018760681152
weighted/task_loss 1.0124045610427856
weighted/prior_loss_var_l1 0.0
weighted/prior_loss_var_l2 0.0
weighted/loss_r_feature 4.796480178833008
weighted/loss_r_feature_first 0.919134259223938
unweighted/task_loss 0.6749363541603088
unweighted/prior_loss_var_l1 0.6383477449417114
unweighted/prior_loss_var_l2 1761.1859130859375
unweighted/loss_r_feature 479.64801025390625
unweighted/loss_r_feature_first 0.459567129611969
unweighted/inputs_norm 191.89451599121094
learning_Rate 0.09922821672646027
--------------------------------------------------
ITERATION: 281
weighted/total_loss 22.695507049560547
weighted/task_loss 17.442663192749023
weighted/prior_loss_var_l1 0.0
weighted/prior_loss_var_l2 0.0
weighted/loss_r_feature 4.249973773956299
weighted/loss_r_feature_first 1.002869725227356
unweighted/task_loss 11.62844181060791
unweighted/prior_loss_var_l1 0.5401074886322021
unweighted/prior_loss_var_l2 1572.8818359375
unweighted/loss_r_feature 424.9974060058594
unweighted/loss_r_feature_first 0.501434862613678
unweighted/inputs_norm 191.96746826171875
learning_Rate 0.09922270849799904
--------------------------------------------------
ITERATION: 282
weighted/total_loss 9.134146690368652
weighted/task_loss 1.4616825580596924
weighted/prior_loss_var_l1 0.0
weighted/prior_loss_var_l2 0.0
weighted/loss_r_feature 5.858532428741455
weighted/loss_r_feature_first 1.8139312267303467
unweighted/task_loss 0.9744549989700317
unweighted/prior_loss_var_l1 0.5978350043296814
unweighted/prior_loss_var_l2 1674.76416015625
unweighted/loss_r_feature 585.853271484375
unweighted/loss_r_feature_first 0.9069656133651733
unweighted/inputs_norm 192.32530212402344
learning_Rate 0.09921718083719203
--------------------------------------------------
ITERATION: 283
weighted/total_loss 44.417449951171875
weighted/task_loss 38.92523956298828
weighted/prior_loss_var_l1 0.0
weighted/prior_loss_var_l2 0.0
weighted/loss_r_feature 5.0133585929870605
weighted/loss_r_feature_first 0.4788520932197571
unweighted/task_loss 25.95016098022461
unweighted/prior_loss_var_l1 0.5946846604347229
unweighted/prior_loss_var_l2 1677.492919921875
unweighted/loss_r_feature 501.33587646484375
unweighted/loss_r_feature_first 0.23942604660987854
unweighted/inputs_norm 192.23867797851562
learning_Rate 0.09921163374622147
--------------------------------------------------
ITERATION: 284
weighted/total_loss 20.819839477539062
weighted/task_loss 14.819572448730469
weighted/prior_loss_var_l1 0.0
weighted/prior_loss_var_l2 0.0
weighted/loss_r_feature 4.95017671585083
weighted/loss_r_feature_first 1.0500916242599487
unweighted/task_loss 9.879714965820312
unweighted/prior_loss_var_l1 0.561004638671875
unweighted/prior_loss_var_l2 1622.573974609375
unweighted/loss_r_feature 495.0177001953125
unweighted/loss_r_feature_first 0.5250458121299744
unweighted/inputs_norm 192.08514404296875
learning_Rate 0.09920606722727726
--------------------------------------------------
ITERATION: 285
weighted/total_loss 7.560067176818848
weighted/task_loss 1.0632908344268799
weighted/prior_loss_var_l1 0.0
weighted/prior_loss_var_l2 0.0
weighted/loss_r_feature 5.402324676513672
weighted/loss_r_feature_first 1.094451904296875
unweighted/task_loss 0.7088605165481567
unweighted/prior_loss_var_l1 0.6366435885429382
unweighted/prior_loss_var_l2 1734.43994140625
unweighted/loss_r_feature 540.2324829101562
unweighted/loss_r_feature_first 0.5472259521484375
unweighted/inputs_norm 192.2379913330078
learning_Rate 0.099200481282557
--------------------------------------------------
ITERATION: 286
weighted/total_loss 8.065692901611328
weighted/task_loss 3.2637252807617188
weighted/prior_loss_var_l1 0.0
weighted/prior_loss_var_l2 0.0
weighted/loss_r_feature 4.412353515625
weighted/loss_r_feature_first 0.3896143436431885
unweighted/task_loss 2.175816774368286
unweighted/prior_loss_var_l1 0.5651756525039673
unweighted/prior_loss_var_l2 1584.8062744140625
unweighted/loss_r_feature 441.2353820800781
unweighted/loss_r_feature_first 0.19480717182159424
unweighted/inputs_norm 191.89649963378906
learning_Rate 0.09919487591426591
--------------------------------------------------
ITERATION: 287
weighted/total_loss 6.392768859863281
weighted/task_loss 1.3829752206802368
weighted/prior_loss_var_l1 0.0
weighted/prior_loss_var_l2 0.0
weighted/loss_r_feature 4.28608512878418
weighted/loss_r_feature_first 0.7237085103988647
unweighted/task_loss 0.9219834804534912
unweighted/prior_loss_var_l1 0.566575825214386
unweighted/prior_loss_var_l2 1603.088623046875
unweighted/loss_r_feature 428.6085205078125
unweighted/loss_r_feature_first 0.3618542551994324
unweighted/inputs_norm 192.29507446289062
learning_Rate 0.09918925112461689
--------------------------------------------------
ITERATION: 288
weighted/total_loss 6.022564888000488
weighted/task_loss 0.953545093536377
weighted/prior_loss_var_l1 0.0
weighted/prior_loss_var_l2 0.0
weighted/loss_r_feature 4.3205389976501465
weighted/loss_r_feature_first 0.7484805583953857
unweighted/task_loss 0.6356967091560364
unweighted/prior_loss_var_l1 0.5655820369720459
unweighted/prior_loss_var_l2 1556.1961669921875
unweighted/loss_r_feature 432.05389404296875
unweighted/loss_r_feature_first 0.37424027919769287
unweighted/inputs_norm 192.41583251953125
learning_Rate 0.09918360691583054
--------------------------------------------------
ITERATION: 289
weighted/total_loss 6.958998680114746
weighted/task_loss 1.2811706066131592
weighted/prior_loss_var_l1 0.0
weighted/prior_loss_var_l2 0.0
weighted/loss_r_feature 4.6167731285095215
weighted/loss_r_feature_first 1.0610551834106445
unweighted/task_loss 0.854113757610321
unweighted/prior_loss_var_l1 0.5908510684967041
unweighted/prior_loss_var_l2 1660.95166015625
unweighted/loss_r_feature 461.6773376464844
unweighted/loss_r_feature_first 0.5305275917053223
unweighted/inputs_norm 192.50674438476562
learning_Rate 0.09917794329013511
--------------------------------------------------
ITERATION: 290
weighted/total_loss 7.010417938232422
weighted/task_loss 2.3571548461914062
weighted/prior_loss_var_l1 0.0
weighted/prior_loss_var_l2 0.0
weighted/loss_r_feature 4.009127616882324
weighted/loss_r_feature_first 0.6441354751586914
unweighted/task_loss 1.5714366436004639
unweighted/prior_loss_var_l1 0.511907696723938
unweighted/prior_loss_var_l2 1502.0091552734375
unweighted/loss_r_feature 400.91278076171875
unweighted/loss_r_feature_first 0.3220677375793457
unweighted/inputs_norm 192.4345703125
learning_Rate 0.0991722602497665
